006^13^272000005^2^101^^^^대원고,2로터리,터미널,용두동,수현마을,월은마을^^^^직동^토계^^^^^^^^^^1^^^^
006^13^272000006^2^101^^^^대원고,국민은행,터미널,충주역,용두동,왕답마을^^^^직동^토계^^^^^^^^^^1^^^^
006^13^272000008^2^101^^^^월은마을,수현마을,두담,터미널,1로터리,충주고^^^^토계^차고지^^^^^^^^^^1^^^^
006^13^272000010^1^101^^^^호암지,충주고,국민은행,터미널,용두동,두담,탄용리^^^^차고지^토계^^^^^^^^^^1^^^^
006^13^272000020^2^106^^^^2로터리,1로터리,터미널,용두동,교통대,거리실^^^^자활연수원(종점)^거리실^^^^^^^^^^1^^^^
006^13^272000021^1^106^^^^호암지,1로터리,터미널,용두동,교통대,거리실^^^^차고지^거리실^^^^^^^^^^1^^^^
006^13^272000023^1^122^^^^충주고,국민은행,공설시장,터미널^^^^차고지^주덕119안전센터^^^^^^^^^^1^^^^
006^13^272000026^2^119^^^^의료원⇒터미널^^^^충주의료원^터미널맞은편^^^^^^^^^^1^^^^
006^13^272000028^2^119^^^^하종,대원고,국민은행,터미널^^^^종민^터미널맞은편^^^^^^^^^^1^^^^
006^13^272000031^2^341^^^^동막리⇒충주의료원^^^^동막리^충주의료원^^^^^^^^^^1^^^^
006^13^272000033^2^119^^^^터미널,공설시장,국민은행,대원고,의료원^^^^상풍^충주의료원^^^^^^^^^^1^^^^
006^13^272000034^1^119^^^^터미널,공설시장,국민은행,대원고,의료원^^^^터미널맞은편^충주의료원^^^^^^^^^^1^^^^
006^13^272000037^2^120^^^^충주역,터미널,국원고,국민은행,충주고,회사^^^^원대곡^차고지^^^^^^^^^^1^^^^
006^13^272000039^1^120^^^^충주고,국민은행,공설시장,터미널,충주역^^^^차고지^원대곡(마을회관)^^^^^^^^^^1^^^^
006^13^272000042^2^121^^^^삼방마을,주덕,교통대,터미널,국민은행,충주고,회사^^^^삼방마을^차고지^^^^^^^^^^1^^^^
006^13^272000044^2^121^^^^충주역,터미널,공설시장,국민은행,충주고,회사^^^^삼방마을^차고지^^^^^^^^^^1^^^^
006^13^272000046^1^121^^^^충주고,국민은행,공설시장,터미널,충주역,교통대^^^^차고지^삼방마을^^^^^^^^^^1^^^^
006^13^272000048^1^121^^^^주덕.청양.묵동^^^^차고지^삼방마을^^^^^^^^^^1^^^^
006^13^272000049^1^121^^^^충주고,국민은행,공설시장,터미널,충주역,교통대^^^^차고지^삼방마을^^^^^^^^^^1^^^^
006^13^272000050^2^122^^^^충주역,터미널,공설시장,국민은행,충주고,회사^^^^중동1리^차고지^^^^^^^^^^1^^^^
006^13^272000051^1^122^^^^충주고,국민은행,공설시장,터미널,충주역,교통대^^^^차고지^중동1리^^^^^^^^^^1^^^^
006^13^272000053^2^131^^^^충주역,터미널,공설시장,국민은행,충주고,회사^^^^음동(종점)^차고지^^^^^^^^^^1^^^^
006^13^272000055^1^131^^^^충주고,국민은행,공설시장,터미널,충주역,교통대^^^^차고지^음동(종점)^^^^^^^^^^1^^^^
006^13^272000057^1^131^^^^충주고,국민은행,공설시장,터미널,교통대,주덕,음동^^^^차고지^음동(종점)^^^^^^^^^^1^^^^
006^13^272000059^1^141^^^^충주고,국민은행,공설시장,터미널,충주역,교통대^^^^차고지^노은^^^^^^^^^^1^^^^
006^13^272000060^2^141^^^^충주역,터미널,공설시장,국민은행,충주고,회사^^^^안락2(종점)^차고지^^^^^^^^^^1^^^^
006^13^272000061^2^141^^^^충주역,터미널,공설시장,국민은행,충주고,회사^^^^안락2(종점)^차고지^^^^^^^^^^1^^^^
006^13^272000064^1^141^^^^충주고,국민은행,공설시장,터미널,충주역,교통대^^^^차고지^안락2(종점)^^^^^^^^^^1^^^^
006^13^272000065^2^142^^^^교통대,충주역,터미널,국민은행,충주고,회사^^^^대덕1(종점)^차고지^^^^^^^^^^1^^^^
006^13^272000066^2^142^^^^교통대,충주역,터미널,공설시장,국민은행,충주고^^^^대덕1(종점)^차고지^^^^^^^^^^1^^^^
006^13^272000067^1^142^^^^충주고,국민은행,공설시장,터미널,충주역,교통대^^^^차고지^대덕1(종점)^^^^^^^^^^1^^^^
006^13^272000068^1^142^^^^충주고,국민은행,공설시장,터미널,충주역,교통대^^^^차고지^대덕1(종점)^^^^^^^^^^1^^^^
006^13^272000069^2^143^^^^교통대,충주역,터미널,공설시장,국민은행,충주고^^^^법동^차고지^^^^^^^^^^1^^^^
006^13^272000071^1^143^^^^충주고,국민은행,공설시장,터미널,충주역,교통대^^^^차고지^법동^^^^^^^^^^1^^^^
006^13^272000074^1^151^^^^충주고,국민은행,공설시장,터미널,충주역,교통대^^^^차고지^신니^^^^^^^^^^1^^^^
006^13^272000075^2^151^^^^교통대,충주역,터미널,공설시장,국민은행,충주고^^^^신니^차고지^^^^^^^^^^1^^^^
006^13^272000078^1^151^^^^충주고,국민은행,공설시장,터미널,충주역,교통대^^^^차고지^신니^^^^^^^^^^1^^^^
006^13^272000080^2^152^^^^교통대,충주역,터미널,공설시장,국민은행,충주고^^^^내용^차고지^^^^^^^^^^1^^^^
006^13^272000081^2^152^^^^교통대,충주역,터미널,공설시장,국민은행,충주고^^^^내용^차고지^^^^^^^^^^1^^^^
006^13^272000082^2^152^^^^교통대,충주역,터미널,공설시장,국민은행,충주고^^^^내용^차고지^^^^^^^^^^1^^^^
006^13^272000083^1^152^^^^충주고,국민은행,공설시장,터미널,충주역,교통대^^^^차고지^내용^^^^^^^^^^1^^^^
006^13^272000084^1^152^^^^충주고,국민은행,공설시장,터미널,충주역,교통대^^^^차고지^내용^^^^^^^^^^1^^^^
006^13^272000085^1^152^^^^충주고,국민은행,공설시장,터미널,충주역,교통대^^^^차고지^내용^^^^^^^^^^1^^^^
006^13^272000086^2^154^^^^교통대,충주역,터미널,공설시장,국민은행,충주고^^^^방추^차고지^^^^^^^^^^1^^^^
006^13^272000087^2^154^^^^대원고,국민은행,공설시장,터미널,충주역,교통대^^^^자활연수원(종점)^방추^^^^^^^^^^1^^^^
006^13^272000090^1^154^^^^충주고,국민은행,공설시장,터미널,충주역,교통대^^^^차고지^방추^^^^^^^^^^1^^^^
006^13^272000094^2^157^^^^교통대,충주역,터미널,공설시장,국민은행,충주고^^^^숭선^차고지^^^^^^^^^^1^^^^
006^13^272000095^2^157^^^^교통대,충주역,터미널,공설시장,국민은행,충주고^^^^숭선^차고지^^^^^^^^^^1^^^^
006^13^272000097^1^157^^^^충주고,국민은행,공설시장,터미널,충주역,교통대^^^^차고지^숭선^^^^^^^^^^1^^^^
006^13^272000098^1^157^^^^충주고,국민은행,공설시장,터미널,충주역,교통대^^^^차고지^숭선^^^^^^^^^^1^^^^
006^13^272000100^1^157^^^^충주고,국민은행,공설시장,터미널,충주역,교통대^^^^차고지^숭선^^^^^^^^^^1^^^^
006^13^272000104^2^159^^^^교통대,충주역,터미널,공설시장,국민은행,충주고^^^^수월2^차고지^^^^^^^^^^1^^^^
006^13^272000105^2^159^^^^교통대,충주역,터미널,공설시장,국민은행,대원고^^^^종민^수월2^^^^^^^^^^1^^^^
006^13^272000108^1^159^^^^충주고,국민은행,공설시장,터미널,충주역,교통대^^^^차고지^수월2^^^^^^^^^^1^^^^
006^13^272000110^2^171^^^^관말^^^^수월2^관성1리^^^^^^^^^^1^^^^
006^13^272000113^2^172^^^^교통대,충주역,터미널,공설시장,국민은행,충주고^^^^감곡면행정복지센터^차고지^^^^^^^^^^1^^^^
006^13^272000124^2^200^^^^무학시장.국민은행.충주고^^^^오가리^차고지^^^^^^^^^^1^^^^
006^13^272000125^1^200^^^^무학시장.국민은행.충주고^^^^차고지^작담^^^^^^^^^^1^^^^
006^13^272000128^1^201^^^^터미널.국민은행.충주고.건대후문^^^^차고지^조곡(하리)^^^^^^^^^^1^^^^
006^13^272000129^2^202-1^^^^터미널.국민은행.충주고.살미^^^^문강^차고지^^^^^^^^^^1^^^^
006^13^272000133^2^210^^^^터미널.국민은행.충주고^^^^재오개^차고지^^^^^^^^^^1^^^^
006^13^272000134^1^210^^^^터미널.국민은행.충주고^^^^차고지^재오개^^^^^^^^^^1^^^^
006^13^272000136^1^222^^^^터미널.국민은행.충주고^^^^차고지^공이2리^^^^^^^^^^1^^^^
006^13^272000138^1^222^^^^터미널.국민은행.충주고^^^^차고지^한수면사무소앞^^^^^^^^^^1^^^^
006^13^272000139^1^222^^^^터미널.국민은행.충주고^^^^차고지^한수면사무소앞^^^^^^^^^^1^^^^
006^13^272000141^1^223^^^^터미널.국민은행.충주고^^^^차고지^덕산^^^^^^^^^^1^^^^
006^13^272000144^2^240^^^^무학시장.국민은행.충주고^^^^단월^온천리^^^^^^^^^^1^^^^
006^13^272000146^2^240^^^^무학시장.국민은행.충주고^^^^온천리^차고지^^^^^^^^^^1^^^^
006^13^272000149^1^240^^^^무학시장.국민은행.충주고^^^^차고지^온천리^^^^^^^^^^1^^^^
006^13^272000153^2^242^^^^무학시장.국민은행.충주고.건대후문^^^^조령^차고지^^^^^^^^^^1^^^^
006^13^272000155^2^246^^^^무학시장.국민은행.충주고.건대후문^^^^수안보온천역^차고지^^^^^^^^^^1^^^^
006^13^272000162^2^246^^^^터미널.국민은행.충주고.살미^^^^미륵리^차고지^^^^^^^^^^1^^^^
006^13^272000163^2^246^^^^터미널.국민은행.충주고.살미^^^^차고지^미륵리(종점)^^^^^^^^^^1^^^^
006^13^272000165^2^246^^^^충주역.터미널.문산^^^^한수면사무소앞^차고지^^^^^^^^^^1^^^^
006^13^272000167^1^246^^^^충주역.터미널.문산^^^^차고지^한수면사무소앞^^^^^^^^^^1^^^^
006^13^272000171^2^301^^^^건대병원.시청.여성회관.도매시장,충주댐^^^^관주^충주나루휴게소^^^^^^^^^^1^^^^
006^13^272000173^2^301^^^^건대병원.시청.여성회관.도매시장,충주댐^^^^발티^충주나루휴게소^^^^^^^^^^1^^^^
006^13^272000175^2^301^^^^건대병원.시청.여성회관.도매시장^^^^충주나루휴게소^차고지^^^^^^^^^^1^^^^
006^13^272000178^1^301^^^^건대병원.시청.여성회관,충주댐^^^^차고지^충주나루휴게소^^^^^^^^^^1^^^^
006^13^272000179^1^301^^^^건대병원.시청.여성회관.도매시장,충주댐^^^^차고지^충주나루휴게소^^^^^^^^^^1^^^^
006^13^272000181^1^310^^^^공설시장.운동장.두진A^^^^차고지^동량(종점방향)^^^^^^^^^^1^^^^
006^13^272000182^2^312^^^^공설시장.운동장.두진A^^^^서운리^차고지^^^^^^^^^^1^^^^
006^13^272000183^1^312^^^^공설시장.운동장.두진A^^^^차고지^서운리^^^^^^^^^^1^^^^
006^13^272000184^1^312^^^^공설시장.운동장.두진A^^^^차고지^서운리^^^^^^^^^^1^^^^
006^13^272000186^2^316^^^^공설시장.운동장.두진A^^^^손동리.음양지(시내방향)^차고지^^^^^^^^^^1^^^^
006^13^272000187^1^316^^^^공설시장.운동장.두진A^^^^차고지^손동리.음양지(종점방향)^^^^^^^^^^1^^^^
006^13^272000190^2^315^^^^공설시장.운동장.두진A^^^^미라마을(시내방향)^차고지^^^^^^^^^^1^^^^
006^13^272000191^1^315^^^^공설시장.운동장.두진A^^^^차고지^미라마을(종점방향)^^^^^^^^^^1^^^^
006^13^272000192^2^316^^^^공설시장.운동장.두진A^^^^하천리(시내방향)^차고지^^^^^^^^^^1^^^^
006^13^272000195^1^316^^^^공설시장.운동장.두진A^^^^차고지^하천리(종점방향)^^^^^^^^^^1^^^^
006^13^272000197^1^316^^^^공설시장.운동장.두진A^^^^차고지^하천리(종점방향)^^^^^^^^^^1^^^^
006^13^272000198^1^316^^^^공설시장.운동장.두진A^^^^차고지^하천리(종점방향)^^^^^^^^^^1^^^^
006^13^272000199^1^316^^^^공설시장.운동장.두진A^^^^차고지^하천리(종점방향)^^^^^^^^^^1^^^^
006^13^272000200^2^316^^^^공설시장.운동장.두진A^^^^금잠(시내방향)^차고지^^^^^^^^^^1^^^^
006^13^272000203^1^316^^^^공설시장.운동장.두진A^^^^차고지^금잠(종점방향)^^^^^^^^^^1^^^^
006^13^272000205^2^320^^^^연수지구.세원A.터미널^^^^대전리^차고지^^^^^^^^^^1^^^^
006^13^272000207^1^320^^^^연수지구.세원A.터미널^^^^차고지^대전리^^^^^^^^^^1^^^^
006^13^272000208^2^324^^^^공설시장.운동장.세원A.터미널^^^^월상^차고지^^^^^^^^^^1^^^^
006^13^272000209^2^324^^^^공설시장.운동장.세원A.터미널^^^^월상^차고지^^^^^^^^^^1^^^^
006^13^272000210^1^324^^^^공설시장.운동장.세원A.터미널^^^^차고지^월상^^^^^^^^^^1^^^^
006^13^272000212^1^324^^^^공설시장.운동장.세원A.터미널^^^^차고지^월상^^^^^^^^^^1^^^^
006^13^272000213^2^324^^^^공설시장.운동장.연수지구.터미널^^^^월상^차고지^^^^^^^^^^1^^^^
006^13^272000216^1^324^^^^공설시장.운동장.연수지구^^^^차고지^월상^^^^^^^^^^1^^^^
006^13^272000217^1^324^^^^공설시장.운동장.연수지구.터미널^^^^차고지^월상^^^^^^^^^^1^^^^
006^13^272000218^2^325^^^^공설시장.운동장.세원A.터미널^^^^축동(종점)^차고지^^^^^^^^^^1^^^^
006^13^272000219^2^325^^^^공설시장.운동장.세원A.터미널^^^^축동(종점)^차고지^^^^^^^^^^1^^^^
006^13^272000220^1^325^^^^공설시장.운동장.세원A.터미널^^^^차고지^축동(종점)^^^^^^^^^^1^^^^
006^13^272000221^1^325^^^^공설시장.운동장.세원A.터미널^^^^차고지^축동(종점)^^^^^^^^^^1^^^^
006^13^272000222^2^332^^^^공설시장.운동장.연수지구^^^^명돌(시내방향)^차고지^^^^^^^^^^1^^^^
006^13^272000226^2^332^^^^공설시장.운동장.연수지구^^^^방대(종점)^차고지^^^^^^^^^^1^^^^
006^13^272000231^2^333^^^^공설시장.운동장.세원A.터미널^^^^대소강(시내방향)^차고지^^^^^^^^^^1^^^^
006^13^272000233^1^333^^^^공설시장.운동장.세원A^^^^차고지^대소강(종점방향)^^^^^^^^^^1^^^^
006^13^272000236^2^333^^^^차고지.공설시장.운동장.세원A^^^^광동삼거리^차고지^^^^^^^^^^1^^^^
006^13^272000237^2^333^^^^공설시장.운동장.세원A.터미널^^^^상산종점^차고지^^^^^^^^^^1^^^^
006^13^272000240^1^333^^^^차고지.공설시장.운동장.세원A^^^^차고지^광동삼거리^^^^^^^^^^1^^^^
006^13^272000241^1^333^^^^차고지.공설시장.운동장.세원A^^^^차고지^광동삼거리^^^^^^^^^^1^^^^
006^13^272000242^1^333^^^^공설시장.운동장.세원A.터미널^^^^차고지^상산종점^^^^^^^^^^1^^^^
006^13^272000243^2^333^^^^공설시장.운동장.세원A.터미널^^^^합천마을^차고지^^^^^^^^^^1^^^^
006^13^272000244^2^333^^^^공설시장.운동장.세원A.터미널^^^^합천마을^차고지^^^^^^^^^^1^^^^
006^13^272000249^1^341^^^^공설시장.운동장.연수지구^^^^차고지^엄정^^^^^^^^^^1^^^^
006^13^272000251^2^341^^^^공설시장.운동장.세원A.터미널^^^^동막리^차고지^^^^^^^^^^1^^^^
006^13^272000254^1^341^^^^공설시장.운동장.세원A.터미널^^^^차고지^동막리^^^^^^^^^^1^^^^
006^13^272000255^1^341^^^^공설시장.운동장.세원A.터미널^^^^차고지^동막리^^^^^^^^^^1^^^^
006^13^272000259^2^345^^^^공설시장.운동장.연수지구^^^^원곡리(하일경로당건너편)^차고지^^^^^^^^^^1^^^^
006^13^272000260^1^345^^^^공설시장.운동장.연수지구^^^^차고지^원곡리(하일경로당앞)^^^^^^^^^^1^^^^
006^13^272000265^2^345^^^^공설시장.운동장.연수지구^^^^미덕중.중산고.충주상고^소림(종점)^^^^^^^^^^1^^^^
006^13^272000266^2^345^^^^공설시장.운동장.연수지구^^^^소림마을(종점)^차고지^^^^^^^^^^1^^^^
006^13^272000267^1^345^^^^공설시장.운동장.연수지구^^^^차고지^소림(종점)^^^^^^^^^^1^^^^
006^13^272000268^2^353^^^^공설시장.운동장.연수지구^^^^벌묘^차고지^^^^^^^^^^1^^^^
006^13^272000269^1^353^^^^공설시장.운동장.연수지구^^^^차고지^벌묘^^^^^^^^^^1^^^^
006^13^272000270^2^353^^^^공설시장.연수지구.터미널^^^^외촌^차고지^^^^^^^^^^1^^^^
006^13^272000271^1^353^^^^공설시장.연수지구.터미널^^^^차고지^외촌^^^^^^^^^^1^^^^
006^13^272000272^1^353^^^^공설시장.연수지구.터미널^^^^차고지^외촌^^^^^^^^^^1^^^^
006^13^272000273^2^356^^^^공설시장.운동장.세원A^^^^벌묘^차고지^^^^^^^^^^1^^^^
006^13^272000274^2^356^^^^공설시장.운동장.세원A^^^^벌묘^차고지^^^^^^^^^^1^^^^
006^13^272000275^1^356^^^^공설시장.운동장.세원A^^^^차고지^오량^^^^^^^^^^1^^^^
006^13^272000277^2^360^^^^공설시장.운동장.법원^^^^용포직행버스정류소(건너편)^차고지^^^^^^^^^^1^^^^
006^13^272000278^1^360^^^^공설시장.운동장.법원^^^^차고지^용포직행버스정류소^^^^^^^^^^1^^^^
006^13^272000279^2^361^^^^공설시장.운동장.법원^^^^삼당(종점하행)^차고지^^^^^^^^^^1^^^^
006^13^272000280^1^364^^^^공설시장.운동장.법원^^^^차고지^삼당(종점)^^^^^^^^^^1^^^^
006^13^272000281^2^363^^^^후곡<->앙성^^^^용포직행버스정류소(건너편)^후곡마을^^^^^^^^^^1^^^^
006^13^272000283^2^363^^^^후곡<->앙성^^^^후곡마을^용포직행버스정류소^^^^^^^^^^1^^^^
006^13^272000285^2^363^^^^단암<->앙성^^^^의암^용포직행버스정류소^^^^^^^^^^1^^^^
006^13^272000286^2^363^^^^단암<->앙성^^^^의암^용포직행버스정류소^^^^^^^^^^1^^^^
006^13^272000287^2^363^^^^앙성,목계,엄정,대미,터미널,종합운동장,차고지^^^^의암^차고지^^^^^^^^^^1^^^^
006^13^272000289^2^363^^^^^^^^용포직행버스정류소(건너편)^단암^^^^^^^^^^1^^^^
006^13^272000290^2^363^^^^단암<->앙성^^^^용포직행버스정류소(건너편)^단암^^^^^^^^^^1^^^^
006^13^272000292^1^363^^^^단암^^^^차고지^단암^^^^^^^^^^1^^^^
006^13^272000293^2^364^^^^공설시장.운동장.법원.터미널^^^^상대촌^차고지^^^^^^^^^^1^^^^
006^13^272000294^1^364^^^^공설시장.운동장.법원.터미널^^^^차고지^상대촌^^^^^^^^^^1^^^^
006^13^272000295^1^364^^^^상대촌직행^^^^차고지^상대촌(종점방향)^^^^^^^^^^1^^^^
006^13^272000296^2^365^^^^감곡<->앙성^^^^감곡면행정복지센터^앙성119안전센터(맞은편)^^^^^^^^^^1^^^^
006^13^272000297^2^365^^^^앙성,목계,엄정,대미,터미널,종합운동장,차고지^^^^감곡면행정복지센터^차고지^^^^^^^^^^1^^^^
006^13^272000299^1^365^^^^공설시장.종합운동장.법원,터미널,대미,엄정,앙성^^^^차고지^감곡면행정복지센터^^^^^^^^^^1^^^^
006^13^272000308^2^404^^^^예성여고.충주공고.국민은행^^^^보훈휴양원^차고지^^^^^^^^^^1^^^^
006^13^272000309^2^404^^^^예성여고.충주공고.국민은행^^^^보훈휴양원^차고지^^^^^^^^^^1^^^^
006^13^272000310^2^404^^^^예성여고.충주공고.국민은행^^^^보훈휴양원^차고지^^^^^^^^^^1^^^^
006^13^272000311^2^404^^^^예성여고.충주공고.국민은행^^^^보훈휴양원^차고지^^^^^^^^^^1^^^^
006^13^272000312^1^404^^^^예성여고.충주공고.국민은행^^^^차고지^보훈휴양원^^^^^^^^^^1^^^^
006^13^272000313^1^404^^^^예성여고.충주공고.국민은행^^^^차고지^보훈휴양원^^^^^^^^^^1^^^^
006^13^272000315^1^404^^^^예성여고.충주공고.국민은행^^^^차고지^보훈휴양원^^^^^^^^^^1^^^^
006^13^272000317^2^411^^^^예성여고.충주공고.국민은행^^^^노은^차고지^^^^^^^^^^1^^^^
006^13^272000319^1^411^^^^예성여고.충주공고.국민은행^^^^차고지^노은^^^^^^^^^^1^^^^
006^13^272000320^1^411^^^^예성여고.충주공고.국민은행^^^^차고지^노은^^^^^^^^^^1^^^^
006^13^272000321^2^412^^^^터미널.국원고.국민은행.충주공고.예성여고^^^^하남^차고지^^^^^^^^^^1^^^^
006^13^272000327^2^413^^^^터미널.국원고.국민은행.충주공고.예성여고.회사^^^^감곡면행정복지센터^차고지^^^^^^^^^^1^^^^
006^13^272000328^1^413^^^^예성여고.충주공고.국민은행.국원고.터미널^^^^차고지^감곡면행정복지센터^^^^^^^^^^1^^^^
006^13^272000330^2^154^^^^교통대.터미널.국민은행.동촌사거리^^^^방추^안심(종점)^^^^^^^^^^1^^^^
006^13^272000334^2^101^^^^터미널.공설시장.국민은행.대원고^^^^토계^직동^^^^^^^^^^1^^^^
006^13^272000338^1^119^^^^터미널.공설시장.국민은행^^^^터미널맞은편^가구마을(시외방향)^^^^^^^^^^1^^^^
006^13^272000340^2^301^^^^도매시장.시청.건대병원.미덕.^^^^충주나루휴게소^발티^^^^^^^^^^1^^^^
006^13^272000342^2^301^^^^도매시장.시청.건대병원.지곡교^^^^충주나루휴게소^발티^^^^^^^^^^1^^^^
006^13^272000343^2^301^^^^도매시장.시청.건대병원.지곡교^^^^충주나루휴게소^관주^^^^^^^^^^1^^^^
006^13^272000351^2^246^^^^건국대정문.충주역.터미널.삼원초교.차고지^^^^단월^차고지^^^^^^^^^^1^^^^
006^13^272000352^2^223^^^^내사,살미,터미널,단월^^^^덕산/성내^단월^^^^^^^^^^1^^^^
006^13^272000354^2^119^^^^국민은행.공설시장.터미널.건국대정문.단월^^^^충주의료원^하풍마을^^^^^^^^^^1^^^^
006^13^272000356^2^200^^^^국민은행.공설시장.터미널^^^^오가리^단월^^^^^^^^^^1^^^^
006^13^272000359^2^223^^^^살미.국민은행.공설시장^^^^덕산/성내^상풍(마을회관앞)^^^^^^^^^^1^^^^
006^13^272000360^2^223^^^^살미.국민은행.공설시장.터미널^^^^상풍^차고지^^^^^^^^^^1^^^^
006^13^272000364^2^119^^^^국민은행.공설시장.터미널^^^^충주의료원^생이마을(관산방향)^^^^^^^^^^1^^^^
006^13^272000369^2^246^^^^국민은행.공설시장.터미널^^^^두정^차고지^^^^^^^^^^1^^^^
006^13^272000373^3^777^^^^순환노선 미덕중 경유^^^^차고지^차고지^^^^^^^^^^1^^^^
006^13^272000375^3^777^^^^순환노선^^^^차고지^차고지^^^^^^^^^^1^^^^
006^13^272000376^3^888^^^^순환노선 미덕중 경유^^^^차고지^차고지^^^^^^^^^^1^^^^
006^13^272000377^3^888^^^^순환노선^^^^차고지^차고지^^^^^^^^^^1^^^^
006^13^272000378^3^999^^^^시외터미널^^^^한국교통대(회차지)^시외버스터미널^^^^^^^^^^1^^^^
006^13^272000379^3^999^^^^터미널,충주역,교통대^^^^한국교통대(회차지)^차고지^^^^^^^^^^1^^^^
006^13^272000381^3^999^^^^한국교통대^^^^터미널(하이마트건너편)^한국교통대(회차지)^^^^^^^^^^1^^^^
006^13^272000382^3^999^^^^한국교통대^^^^차고지^한국교통대(회차지)^^^^^^^^^^1^^^^
006^13^272000406^2^201^^^^살미면사무소에서 인계 후 차고^^^^조곡(하리)^살미면행정복지센터^^^^^^^^^^1^^^^
006^13^272000408^2^222^^^^터미널.국민은행.충주고^^^^공이2리^차고지^^^^^^^^^^1^^^^
006^13^272000409^2^222^^^^터미널.국민은행.충주고^^^^한수면사무소앞^차고지^^^^^^^^^^1^^^^
006^13^272000415^2^172^^^^수월^^^^감곡면행정복지센터^수월2^^^^^^^^^^1^^^^
006^13^272000416^2^171^^^^수월^^^^관성1리^수월2^^^^^^^^^^1^^^^
006^13^272000420^2^210^^^^터미널.국민은행.충주고.건대후문^^^^재오개(도선골)^차고지^^^^^^^^^^1^^^^
006^13^272000421^1^356^^^^공설시장.운동장.세원A.터미널.덕은리^^^^차고지^벌묘^^^^^^^^^^1^^^^
006^13^272000424^2^247^^^^차고지.무학시장.국민은행.충주고^^^^고운리^차고지^^^^^^^^^^1^^^^
006^13^272000430^2^341^^^^공설시장.운동장.세원A.터미널^^^^동막리^차고지^^^^^^^^^^1^^^^
006^13^272000433^2^119^^^^건국대정문.터미널.공설시장.국민은행.의료^^^^단월^충주의료원^^^^^^^^^^1^^^^
006^13^272000434^2^106^^^^교통대.용두동.터미널.1로터리.충주고.차고지^^^^거리실^차고지^^^^^^^^^^1^^^^
006^13^272000436^2^341^^^^동막 탄방 산척 시내 차고지^^^^동막리^차고지^^^^^^^^^^1^^^^
006^13^272000438^1^333^^^^공설시장.운동장.세원A.터미널^^^^차고지^합천마을^^^^^^^^^^1^^^^
006^13^272000445^2^119^^^^회사.호암사거리,충주여고,대원고,충주의료원^^^^차고지^충주의료원^^^^^^^^^^1^^^^
006^13^272000446^2^119^^^^의료원,대원고,충주여고,호암사거리,회사^^^^충주의료원^차고지^^^^^^^^^^1^^^^
006^13^272000463^1^112^^^^교통대.코아루퍼스트A.미진이지비아^^^^터미널(하이마트건너편)^시티자이 맞은편^^^^^^^^^^1^^^^
006^13^272000464^2^112^^^^신우희가로.코아루퍼스트A.교통대^^^^시티자이 맞은편^터미널(하이마트건너편)^^^^^^^^^^1^^^^
006^13^272000468^1^112-1^^^^갈동.법현마을.e편한세상A^^^^차고지^시티자이 맞은편^^^^^^^^^^1^^^^
006^13^272000469^1^112-1^^^^중앙탑면사무소.법현마을.코아루더테라스A^^^^터미널(하이마트건너편)^시티자이 맞은편^^^^^^^^^^1^^^^
006^13^272000470^2^112-1^^^^갈동사거리.중앙탑면사무소.탄금대^^^^시티자이 맞은편^터미널(하이마트건너편)^^^^^^^^^^1^^^^
006^13^272000475^1^112-1^^^^중앙탑면사무소.법현마을.코아루더테라스A^^^^차고지^시티자이 맞은편^^^^^^^^^^1^^^^
006^13^272000476^2^112-1^^^^갈동사거리.중앙탑면사무소.탄금대,차고지.^^^^시티자이 맞은편^차고지^^^^^^^^^^1^^^^
006^13^272000477^2^320^^^^목행, 세원A, 국민은행^^^^대전리^용산주공(2단지)^^^^^^^^^^1^^^^
006^13^272000478^1^320^^^^국민은행, 터미널, 대미.^^^^용산주공(2단지)^대전리^^^^^^^^^^1^^^^
006^13^272000479^2^332^^^^영덕, 대미, 터미널, 의료원.^^^^방대(종점)^충주의료원^^^^^^^^^^1^^^^
006^13^272000480^1^332^^^^충주의료원,연수주민센터,터미널,방대^^^^충주의료원^방대(종점)^^^^^^^^^^1^^^^
006^13^272000482^1^353^^^^의료원.공설시장.연수지구.터미널.외촌.구룡.^^^^충주의료원^외촌^^^^^^^^^^1^^^^
006^13^272000489^1^333^^^^공설시장.운동장.세원A.터미넣^^^^차고지^합천마을^^^^^^^^^^1^^^^
006^13^272000491^3^777^^^^순환노선 럭키아파트 경유^^^^차고지^차고지^^^^^^^^^^1^^^^
006^13^272000493^1^119^^^^터미널,무학시장,국민은행,의료원,종민동^^^^터미널(하이마트앞)^종민동^^^^^^^^^^1^^^^
006^13^272000494^2^119^^^^하종,요각골,의료원,국민은행,터미널^^^^종민^터미널(하이마트앞)^^^^^^^^^^1^^^^
006^13^272000495^1^119^^^^종민동,요각골경^^^^터미널맞은편^종민동^^^^^^^^^^1^^^^
006^13^272000496^2^119^^^^의료원경유,터미널,상^^^^종민^상풍(마을회관앞)^^^^^^^^^^1^^^^
006^13^272000497^1^315^^^^미라실직행^^^^차고지^미라마을(종점방향)^^^^^^^^^^1^^^^
006^13^272000498^2^315^^^^모천,터미널,미덕^^^^미라마을(시내방향)^미덕중.중산고.충주상고^^^^^^^^^^1^^^^
006^13^272000499^1^315^^^^미덕학원,터미널,미라^^^^미덕중.중산고.충주상고^미라마을(종점방향)^^^^^^^^^^1^^^^
006^13^272000500^1^316^^^^하천직행^^^^차고지^하천리(종점방향)^^^^^^^^^^1^^^^
006^13^272000501^2^316^^^^모천,운교,터미널,회사.^^^^하천리(시내방향)^차고지^^^^^^^^^^1^^^^
006^13^272000502^1^316^^^^터미널,운교.회사.^^^^금잠(시내방향)^차고지^^^^^^^^^^1^^^^
006^13^272000503^2^312^^^^목행,터미널,회사.^^^^서운리^차고지^^^^^^^^^^1^^^^
006^13^272000504^2^310^^^^동량,회사 직접운^^^^동량(시내방향)^차고지^^^^^^^^^^1^^^^
006^13^272000505^1^316^^^^1로터리,터미널,금잠.^^^^차고지^금잠(종점방향)^^^^^^^^^^1^^^^
006^13^272000506^2^360^^^^하남,터미널,회^^^^용포직행버스정류소(건너편)^차고지^^^^^^^^^^1^^^^
006^13^272000507^1^360^^^^터미널,목행,대미,앙성^^^^차고지^용포직행버스정류소^^^^^^^^^^1^^^^
006^13^272000509^1^363^^^^후곡직행^^^^차고지^후곡마을^^^^^^^^^^1^^^^
006^13^272000511^2^360^^^^앙성,목행,회사^^^^용포직행버스정류소(건너편)^차고지^^^^^^^^^^1^^^^
006^13^272000512^1^412^^^^회사,미덕중,터미널,하남^^^^차고지^하남^^^^^^^^^^1^^^^
006^13^272000513^2^412^^^^노은,터미널,의료원^^^^하남^충주의료원^^^^^^^^^^1^^^^
006^13^272000515^1^411^^^^삼원초,터미널,탄금대,중앙탑면사무소,노은^^^^차고지^노은^^^^^^^^^^1^^^^
006^13^272000516^1^404^^^^삼원4,터미널,내동.^^^^차고지^보훈휴양원^^^^^^^^^^1^^^^
006^13^272000517^1^411^^^^터미널,하방,탄금대,노은^^^^차고지^노은^^^^^^^^^^1^^^^
006^13^272000518^1^412^^^^터미널,탄금대,하남,우성경^^^^차고지^하남^^^^^^^^^^1^^^^
006^13^272000520^2^301^^^^시청,국민은행,발티,회^^^^충주나루휴게소^차고지^^^^^^^^^^1^^^^
006^13^272000521^2^301^^^^공단,국민은행,충주여고,도장골,회^^^^충주나루휴게소^차고지^^^^^^^^^^1^^^^
006^13^272000522^1^301^^^^건대병원.시청.여성회관.도매시장,충주댐^^^^관주^충주나루휴게소^^^^^^^^^^1^^^^
006^13^272000523^2^301^^^^시청,건대병원,이마트,회^^^^충주나루휴게소^차고지^^^^^^^^^^1^^^^
006^13^272000524^1^301^^^^석종경유,국민은행,시청,선착^^^^발티^충주나루휴게소^^^^^^^^^^1^^^^
006^13^272000525^1^310^^^^체육관,임광4,터미널,동^^^^차고지^동량(종점방향)^^^^^^^^^^1^^^^
006^13^272000526^2^310^^^^목행,터미널,6단지,종합운동장,1로터리,회^^^^동량(시내방향)^차고지^^^^^^^^^^1^^^^
006^13^272000527^1^111^^^^차고지.교통대.유한킴벌리.메디컬타워.^^^^차고지^시티자이 맞은편^^^^^^^^^^1^^^^
006^13^272000530^1^112^^^^회사.GS자이아파트 직접운행.^^^^차고지^시티자이 맞은편^^^^^^^^^^1^^^^
006^13^272000531^2^112^^^^교통대.터미널.회사.^^^^시티자이 맞은편^차고지^^^^^^^^^^1^^^^
006^13^272000532^2^324^^^^대미.터미널.연수주민센터.회사.^^^^월상^차고지^^^^^^^^^^1^^^^
006^13^272000533^1^332^^^^연수지구.터미널.대미^^^^차고지^방대(종점)^^^^^^^^^^1^^^^
006^13^272000534^1^320^^^^마흘직행^^^^차고지^대전리^^^^^^^^^^1^^^^
006^13^272000535^1^346^^^^연수주민센터.터미널.대미.주동^^^^차고지^주동^^^^^^^^^^1^^^^
006^13^272000536^2^346^^^^유봉리.엄정.대미.터미널.연수주민센터.^^^^주동^차고지^^^^^^^^^^1^^^^
006^13^272000537^1^346^^^^연수주민센터.터미널.대미.유봉리.상주동.^^^^차고지^주동^^^^^^^^^^1^^^^
006^13^272000538^2^346^^^^산약.엄정.대미.터미널.연수주민센터.^^^^주동^차고지^^^^^^^^^^1^^^^
006^13^272000539^1^346^^^^연수주민센터.터미널.대미.원곡리.유봉리.주동^^^^차고지^주동^^^^^^^^^^1^^^^
006^13^272000540^2^346^^^^엄정.대미.터미널.연수주민센터^^^^주동^차고지^^^^^^^^^^1^^^^
006^13^272000541^1^344^^^^연수주민센터.터미널.대미.주동^^^^차고지^주동^^^^^^^^^^1^^^^
006^13^272000542^2^346^^^^유봉리,엄정,대미,터미널,미덕학원^^^^주동^미덕중.중산고.충주상고^^^^^^^^^^1^^^^
006^13^272000543^1^356^^^^소태직접운행.덕은리^^^^차고지^벌묘^^^^^^^^^^1^^^^
006^13^272000544^2^341^^^^엄정,대미,터미널,의료원^^^^동막리^충주의료원^^^^^^^^^^1^^^^
006^13^272000545^2^341^^^^회사직행^^^^엄정면사무소^차고지^^^^^^^^^^1^^^^
006^13^272000546^2^223^^^^살미.회사.^^^^덕산/성내^차고지^^^^^^^^^^1^^^^
006^13^272000547^1^246^^^^살미.수안보.미륵^^^^차고지^미륵리(종점)^^^^^^^^^^1^^^^
006^13^272000548^2^246^^^^화천리.수안보.살미.터미널.회사.^^^^미륵리^차고지^^^^^^^^^^1^^^^
006^13^272000549^1^223^^^^덕산직행^^^^차고지^덕산^^^^^^^^^^1^^^^
006^13^272000550^2^246^^^^수안보.살미.터미널.단월.^^^^한수면사무소앞^단월^^^^^^^^^^1^^^^
006^13^272000551^2^246^^^^수안보,살미,터미널,단월^^^^미륵리^단월^^^^^^^^^^1^^^^
006^13^272000552^1^246^^^^터미널.살미.화천리.^^^^단월^수안보온천역^^^^^^^^^^1^^^^
006^13^272000553^1^247^^^^고운리직행.^^^^차고지^고운리^^^^^^^^^^1^^^^
006^13^272000554^1^201^^^^터미널.살미.조곡^^^^단월^조곡(하리)^^^^^^^^^^1^^^^
006^13^272000555^1^247^^^^터미널.살미.고운리.^^^^차고지^고운리^^^^^^^^^^1^^^^
006^13^272000556^2^247^^^^살미,터미널,단월^^^^고운리^단월^^^^^^^^^^1^^^^
006^13^272000557^2^247^^^^살미면사무소에서 인^^^^고운리^살미역^^^^^^^^^^1^^^^
006^13^272000558^2^247^^^^홈실.^^^^고운리^호음실(시내방향)^^^^^^^^^^1^^^^
006^13^272000559^1^210^^^^재오개직행^^^^차고지^재오개(도선골)^^^^^^^^^^1^^^^
006^13^272000560^2^240^^^^살미.터미널.단월.^^^^온천리^단월^^^^^^^^^^1^^^^
006^13^272000561^2^210^^^^살미.터미널.단월.^^^^재오개^단월^^^^^^^^^^1^^^^
006^13^272000562^2^363^^^^차고지 직접운행^^^^후곡마을^온천(종점방향)^^^^^^^^^^1^^^^
006^13^272000563^1^242^^^^터미널.살미.조령.^^^^차고지^조령^^^^^^^^^^1^^^^
006^13^272000564^2^242^^^^석문동,수안보,살미,터미널,단월^^^^조령^단월^^^^^^^^^^1^^^^
006^13^272000565^1^242^^^^터미널.살미.조령.^^^^단월^조령^^^^^^^^^^1^^^^
006^13^272000566^1^240^^^^터미널.살미.수안보.^^^^차고지^수안보온천역^^^^^^^^^^1^^^^
006^13^272000567^2^240^^^^살미.터미널.회사.^^^^수안보온천역^차고지^^^^^^^^^^1^^^^
006^13^272000568^2^242^^^^수안보.살미.터미널.회사.^^^^조령^차고지^^^^^^^^^^1^^^^
006^13^272000569^1^240-1^^^^싯계.문강.수안보.^^^^차고지^온천리^^^^^^^^^^1^^^^
006^13^272000570^2^240-1^^^^수안보,문강,토계,건대후문,국민은행,터미널,단월^^^^온천리^단월^^^^^^^^^^1^^^^
006^13^272000571^1^202^^^^터미널.홈실.문강.^^^^단월^문강^^^^^^^^^^1^^^^
006^13^272000572^2^202^^^^홈실.터미널.단월.^^^^문강^단월^^^^^^^^^^1^^^^
006^13^272000573^1^202-2^^^^터미널.싯계.문강.^^^^단월^문강^^^^^^^^^^1^^^^
006^13^272000575^1^202^^^^터미널.홈실.문강.^^^^두정^문강^^^^^^^^^^1^^^^
006^13^272000576^2^202^^^^홈실.터미널.단월.용관.^^^^문강^두정^^^^^^^^^^1^^^^
006^13^272000577^1^202-1^^^^단월.터미널.싯계.문강.^^^^두정^문강^^^^^^^^^^1^^^^
006^13^272000578^2^202-1^^^^싯계.회사.^^^^문강^차고지^^^^^^^^^^1^^^^
006^13^272000579^1^240-2^^^^터미널.홈실.수안보.^^^^차고지^수안보온천역^^^^^^^^^^1^^^^
006^13^272000580^2^240-2^^^^홈실.터미널.회사.^^^^수안보온천역^차고지^^^^^^^^^^1^^^^
006^13^272000581^1^240^^^^용관직행.^^^^차고지^두정^^^^^^^^^^1^^^^
006^13^272000583^2^246^^^^수안보.살미.터미널.용관.^^^^미륵리^두정^^^^^^^^^^1^^^^
006^13^272000585^1^246^^^^터미널.살미.수안보.석문동.^^^^차고지^사문리(수안보실버릿지)^^^^^^^^^^1^^^^
006^13^272000586^2^246^^^^수안보.살미.터미널.단월.^^^^사문리(감나무집)^단월^^^^^^^^^^1^^^^
006^13^272000587^1^240^^^^터미널.살미.수안보.^^^^단월^수안보온천역^^^^^^^^^^1^^^^
006^13^272000588^2^119^^^^단월.터미널.국민은행.회사.^^^^생이마을^차고지^^^^^^^^^^1^^^^
006^13^272000590^2^200^^^^홈실,수안보,살미,터미널,상풍^^^^오가리^상풍(마을회관앞)^^^^^^^^^^1^^^^
006^13^272000591^1^200^^^^단월.터미널.홈실.장연.^^^^상풍^오가리^^^^^^^^^^1^^^^
006^13^272000592^1^200^^^^터미널.홈실.장연.^^^^단월^오가리^^^^^^^^^^1^^^^
006^13^272000593^2^200^^^^홈실.터미널.송림.단월.^^^^오가리^단월^^^^^^^^^^1^^^^
006^13^272000594^2^240^^^^회사.^^^^단월^차고지^^^^^^^^^^1^^^^
006^13^272000595^2^222^^^^공이동.내사.터미널.회사.^^^^한수면사무소앞^차고지^^^^^^^^^^1^^^^
006^13^272000596^2^222^^^^내사.살미.회사.^^^^한수면사무소앞^차고지^^^^^^^^^^1^^^^
006^13^272000597^2^157^^^^회문.,용원.주덕.교통대.터미널.회사.^^^^숭선^차고지^^^^^^^^^^1^^^^
006^13^272000598^2^143^^^^주덕,교통대,미덕중^^^^법동^남부119안전센터^^^^^^^^^^1^^^^
006^13^272000599^1^143^^^^터미널.교통대.주덕.법동.^^^^남부119안전센터^법동^^^^^^^^^^1^^^^
006^13^272000600^1^103^^^^충주고,국민은행,터미널,용두동,교통대,금곡리^^^^차고지^금곡리^^^^^^^^^^1^^^^
006^13^272000601^2^102^^^^금곡리⇒교통대^^^^금곡리^한국교통대(농협.건너편)^^^^^^^^^^1^^^^
006^13^272000602^2^151^^^^마제.주덕.교통대.터미널.남부소방서.^^^^신니^남부119안전센터^^^^^^^^^^1^^^^
006^13^272000603^1^151^^^^주덕.마제.용원.^^^^차고지^신니^^^^^^^^^^1^^^^
006^13^272000604^2^151^^^^터미널.교통대정문.주덕.마제.용원.^^^^남부119안전센터^신니^^^^^^^^^^1^^^^
006^13^272000606^2^159^^^^광벌.주덕.교통대.터미널.미덕학원.남부소방서.^^^^수월2^남부119안전센터^^^^^^^^^^1^^^^
006^13^272000607^1^159^^^^터미널.교통대.주덕.수월.^^^^남부119안전센터^수월2^^^^^^^^^^1^^^^
006^13^272000609^2^101^^^^용관.터미널.직동.^^^^수주^직동^^^^^^^^^^1^^^^
006^13^272000610^2^101^^^^용두동,충주역,터미널,국민은행,럭키아파트^^^^토계^차고지^^^^^^^^^^1^^^^
006^13^272000611^1^101^^^^충주고,국민은행,터미널,용두동,월은마을^^^^차고지^토계^^^^^^^^^^1^^^^
006^13^272000612^2^514^^^^용관->남벌^^^^두정^직동^^^^^^^^^^1^^^^
006^13^272000613^2^101^^^^차고지->차고지(운행안함)^^^^직동^차고지^^^^^^^^^^1^^^^
006^13^272000614^1^171^^^^터미널.주덕.관말.^^^^차고지^관성1리^^^^^^^^^^1^^^^
006^13^272000615^1^142^^^^터미널.교통대.주덕.,대덕.^^^^차고지^대덕1(종점)^^^^^^^^^^1^^^^
006^13^272000616^2^159^^^^주덕.교통대.터미널.회사.^^^^수월2^차고지^^^^^^^^^^1^^^^
006^13^272000617^1^121^^^^터미널.교통대.주덕..묵동.삼방.^^^^차고지^삼방마을^^^^^^^^^^1^^^^
006^13^272000618^2^121^^^^삼방->주덕종점^^^^삼방마을^주덕(연합의원)^^^^^^^^^^1^^^^
006^13^272000619^2^121^^^^주덕.교통대.터미널.미덕학원.(방학운행안함)^^^^삼방마을^미덕중.중산고.충주상고^^^^^^^^^^1^^^^
006^13^272000620^2^121^^^^미덕중,호암사거리,럭키아파트,회사(방학운행안함)^^^^미덕중.중산고.충주상고^차고지^^^^^^^^^^1^^^^
006^13^272000628^1^159^^^^터미널.주덕.수월.^^^^차고지^수월2^^^^^^^^^^1^^^^
006^13^272000629^2^151^^^^주덕.교통대.터미널.회사.^^^^신니^차고지^^^^^^^^^^1^^^^
006^13^272000630^1^103^^^^충주고,국민은행,터미널,용두동,만적,막의^^^^차고지^목도공동정류소^^^^^^^^^^1^^^^
006^13^272000631^2^103^^^^용두동,충주역,터미널,국민은행,충주고,럭키아파트^^^^목도공동정류소^차고지^^^^^^^^^^1^^^^
006^13^272000632^1^103^^^^충주고,국민은행,터미널,용두동,만적,막의^^^^차고지^목도공동정류소^^^^^^^^^^1^^^^
006^13^272000633^2^103^^^^안촌.독정.,터미널.회사.^^^^목도공동정류소^차고지^^^^^^^^^^1^^^^
006^13^272000634^2^141^^^^주덕.교통대.터미널.회사.^^^^안락2(종점)^차고지^^^^^^^^^^1^^^^
006^13^272000635^1^120^^^^주덕.교통대.터미널.회사.^^^^원대곡^차고지^^^^^^^^^^1^^^^
006^13^272000636^2^154^^^^주덕.교통대.터미널.회사.^^^^방추^차고지^^^^^^^^^^1^^^^
006^13^272000637^1^141^^^^터미널.교통대.주덕.수상.^^^^차고지^안락2(종점)^^^^^^^^^^1^^^^
006^13^272000638^2^151^^^^회사.^^^^신니^차고지^^^^^^^^^^1^^^^
006^13^272000639^1^122^^^^터미널.교통대.주덕.한내.^^^^차고지^중동1리^^^^^^^^^^1^^^^
006^13^272000640^2^122^^^^주덕.교통대.터미널.회사.^^^^중동1리^차고지^^^^^^^^^^1^^^^
006^13^272000641^2^122^^^^회사직행^^^^농협하나로마트^차고지^^^^^^^^^^1^^^^
006^13^272000642^2^159^^^^주덕,교통대.터미널.회사.^^^^수월2^차고지^^^^^^^^^^1^^^^
006^13^272000645^2^346^^^^유봉리.엄정.대미.터미널.연수주민센터.^^^^주동^차고지^^^^^^^^^^1^^^^
006^13^272000646^1^404^^^^의료원, 형천, 원동, 내동.^^^^충주의료원^보훈휴양원^^^^^^^^^^1^^^^
006^13^272000647^2^404^^^^내동, 형천, 회사.^^^^보훈휴양원^차고지^^^^^^^^^^1^^^^
006^13^272000648^1^242^^^^회사발 조령행.^^^^차고지^조령^^^^^^^^^^1^^^^
006^13^272000649^1^555^^^^예성여고 직접운행^^^^차고지^예성여중고^^^^^^^^^^1^^^^
006^13^272000650^2^555^^^^국민은행, 시청.^^^^예성여중고^시청(우체국건너편)^^^^^^^^^^1^^^^
006^13^272000651^1^555^^^^국민은행, 미덕학원.^^^^시청(우체국건너편)^미덕중.중산고.충주상고^^^^^^^^^^1^^^^
006^13^272000654^2^666^^^^국민은행, 터미널.^^^^미덕중.중산고.충주상고^차고지^^^^^^^^^^1^^^^
006^13^272000656^1^666^^^^럭키아파트, 미덕학원^^^^차고지^미덕중.중산고.충주상고^^^^^^^^^^1^^^^
006^13^272000658^1^666^^^^국민은행, 미덕학원.^^^^터미널(하이마트앞)^미덕중.중산고.충주상고^^^^^^^^^^1^^^^
006^13^272000663^2^112^^^^자이발,교통대,터미널,호암사거리,미덕학원^^^^시티자이 맞은편^남부119안전센터^^^^^^^^^^1^^^^
006^13^272000664^1^112^^^^1로터리,터미널,교통대,자이^^^^남부119안전센터^시티자이 맞은편^^^^^^^^^^1^^^^
006^13^272000665^2^112^^^^자이,교통대,터미널,1로터리^^^^시티자이 맞은편^터미널(하이마트건너편)^^^^^^^^^^1^^^^
006^13^272000666^1^112^^^^1로터리,터미널,교통대,자이^^^^토마토정형외과^시티자이 맞은편^^^^^^^^^^1^^^^
006^13^272000668^2^112^^^^유한킬벌리경유,교통대,터미널,1로터리^^^^시티자이 맞은편^네오메디크리닉^^^^^^^^^^1^^^^
006^13^272000669^2^112^^^^자이->터미널 직행^^^^시티자이 맞은편^터미널(하이마트건너편)^^^^^^^^^^1^^^^
006^13^272000670^2^112-1^^^^중앙탑면사무소,터미널,1로터리^^^^시티자이 맞은편^네오메디크리닉^^^^^^^^^^1^^^^
006^13^272000671^2^112-1^^^^중앙탑면사무소,터미널,1로터리,회사^^^^시티자이 맞은편^차고지^^^^^^^^^^1^^^^
006^13^272000672^1^112-1^^^^1로터리,터미널,중앙탑.자이^^^^토마토정형외과^시티자이 맞은편^^^^^^^^^^1^^^^
006^13^272000673^1^999^^^^회사⇒교통대 직접운행^^^^차고지^한국교통대(회차지)^^^^^^^^^^1^^^^
006^13^272000674^2^999^^^^교통대,터미널,신연수동,임광사거리,법원,터미널^^^^한국교통대(회차지)^터미널(하이마트건너편)^^^^^^^^^^1^^^^
006^13^272000675^3^999^^^^터미널,연수초교,임광사거리,법원사거리,회사^^^^한국교통대(회차지)^차고지^^^^^^^^^^1^^^^
006^13^272000677^1^555^^^^시청,국민은행,진도아파트^^^^시청(우체국건너편)^진도아파트^^^^^^^^^^1^^^^
006^13^272000678^2^555^^^^진도아파트,국민은행,시청^^^^진도아파트^시청(우체국건너편)^^^^^^^^^^1^^^^
006^13^272000679^1^666^^^^차고지,터미널,진도아파트^^^^차고지^진도아파트^^^^^^^^^^1^^^^
006^13^272000680^2^666^^^^진도아파트,터미널,차고지^^^^진도아파트^차고지^^^^^^^^^^1^^^^
006^13^272000681^2^666^^^^미덕학원,국민은행,터미널^^^^미덕중.중산고.충주상고^터미널맞은편^^^^^^^^^^1^^^^
006^13^272000682^1^666^^^^터미널,국민은행,도장골^^^^터미널맞은편^관주^^^^^^^^^^1^^^^
006^13^272000683^2^666^^^^도장골,국민은행,터미널^^^^관주^터미널맞은편^^^^^^^^^^1^^^^
006^13^272000684^1^666^^^^터미널,국민은행,진도아파트^^^^터미널맞은편^진도아파트^^^^^^^^^^1^^^^
006^13^272000685^2^666^^^^진도아파트,국민은행,터미널^^^^진도아파트^터미널맞은편^^^^^^^^^^1^^^^
006^13^272000686^1^305^^^^진도아파트,국민은행,연수주민센터,터미널,대미^^^^진도아파트^대미^^^^^^^^^^1^^^^
006^13^272000688^3^555^^^^회사⇒진도아파트 직접운행^^^^차고지^진도아파트^^^^^^^^^^1^^^^
006^13^272000689^1^551^^^^회사,터미널,도장^^^^차고지^관주^^^^^^^^^^1^^^^
006^13^272000690^2^152^^^^용원->주덕종점^^^^내용^주덕(연합의원)^^^^^^^^^^1^^^^
006^13^272000691^2^131^^^^음동->주덕종점^^^^음동(종점)^주덕(연합의원)^^^^^^^^^^1^^^^
006^13^272000692^2^151^^^^마제->주덕종점^^^^신니^주덕(연합의원)^^^^^^^^^^1^^^^
006^13^272000693^2^121^^^^삼방->주덕종점^^^^삼방마을^주덕(연합의원)^^^^^^^^^^1^^^^
006^13^272000694^2^154^^^^방추->주덕종점^^^^방추^주덕(연합의원)^^^^^^^^^^1^^^^
006^13^272000695^2^142^^^^대덕->주덕종점^^^^대덕1(종점)^주덕(연합의원)^^^^^^^^^^1^^^^
006^13^272000696^2^140^^^^노은->주덕종점^^^^노은^주덕(연합의원)^^^^^^^^^^1^^^^
006^13^272000732^1^600^^^^터미널,충주역,건국대^^^^차고지^건국대(KU스테이션)^^^^^^^^^^1^^^^
006^13^272000733^2^600^^^^충주역, 터미널^^^^건국대(KU스테이션)^시외버스터미널^^^^^^^^^^1^^^^
006^13^272000734^1^600^^^^건국대^^^^터미널(하이마트건너편)^건국대(KU스테이션)^^^^^^^^^^1^^^^
006^13^272000735^2^600^^^^우미린,예성여고,힐데스하임^^^^건국대(KU스테이션)^힐데스하임아파트^^^^^^^^^^1^^^^
006^13^272000736^1^600^^^^건국대.^^^^힐데스하임아파트^건국대(KU스테이션)^^^^^^^^^^1^^^^
006^13^272000737^2^600^^^^우미린,호암지구,예성여고,회사^^^^건국대(KU스테이션)^차고지^^^^^^^^^^1^^^^
006^13^272000738^1^600^^^^럭키아파트,호암지구,건국대^^^^차고지^건국대(KU스테이션)^^^^^^^^^^1^^^^
006^13^272000739^2^600^^^^터미널,회사^^^^건국대(KU스테이션)^차고지^^^^^^^^^^1^^^^
006^13^272000740^2^600^^^^호암지구,신연수동,회사^^^^건국대(KU스테이션)^차고지^^^^^^^^^^1^^^^
006^13^272000741^1^999^^^^터미널,신연수사거리,삼원사거리,회사^^^^한국교통대(회차지)^차고지^^^^^^^^^^1^^^^
006^13^272000742^1^112^^^^교통대.코아루퍼스트A.미진이지비아^^^^차고지^시티자이 맞은편^^^^^^^^^^1^^^^
006^13^272000746^2^112-2^^^^교통대,마이웨딩홀,1로터리,터미널^^^^시티자이 맞은편^터미널(하이마트건너편)^^^^^^^^^^1^^^^
006^13^272000747^2^112-2^^^^코아루퍼스트,교통대,1로터리^^^^시티자이 맞은편^차고지^^^^^^^^^^1^^^^
006^13^272000748^2^363^^^^목계,엄정,대미,터미널,차고^^^^앙성119안전센터(맞은편)^차고지^^^^^^^^^^1^^^^
006^13^272000749^3^888^^^^럭키아파트, 예성여고, 법원사거리, 회사^^^^차고지^차고지^^^^^^^^^^1^^^^
006^13^272000752^2^106^^^^흑평마을.교통대.터미널.1로터리.충주고.차고지^^^^거리실^차고지^^^^^^^^^^1^^^^
006^13^272000753^1^106^^^^호암지.충주고.1로터리.터미널.교통대.거리실^^^^차고지^거리실^^^^^^^^^^1^^^^
006^13^272000755^3^01^^^^봉계사거리, 호수마을, 제2로터리, 부민삼거리^^^^차고지^차고지^^^^^^^^^^1^^^^
006^13^272000756^3^02^^^^우체국,제1로터리, 충주공고, 용산초교, 부강아파트^^^^차고지^동일하이빌^^^^^^^^^^1^^^^
006^13^272000757^3^02^^^^용산초교, 충주공고, 제1로터리,우체국^^^^동일하이빌APT^우체국^^^^^^^^^^1^^^^
006^13^272000758^3^02^^^^우체국,제1로터리,충주공고,부강아파트^^^^우체국^동일하이빌^^^^^^^^^^1^^^^
006^13^272000759^3^02^^^^용산초교, 충주공고, 제1로터리, 차고지^^^^동일하이빌APT^차고지^^^^^^^^^^1^^^^
006^13^272000760^3^03^^^^신연수동, 연수4차주공, 서원갈비^^^^차고지^서원갈비^^^^^^^^^^1^^^^
006^13^272000761^3^03^^^^연수4주공, 신연수동, 부민삼거리^^^^서원갈비^우체국^^^^^^^^^^1^^^^
006^13^272000762^3^03^^^^연수4주공, 신연수동, 차고지^^^^서원갈비^차고지^^^^^^^^^^1^^^^
006^13^272000763^3^03^^^^신연수동, 연수4주공, 서원갈비^^^^우체국^서원갈비^^^^^^^^^^1^^^^
006^13^272000764^3^04^^^^제1로터리, 건대병원, 금릉현대아파트, 탄금공원^^^^차고지^탄금공원^^^^^^^^^^1^^^^
006^13^272000765^3^04^^^^금릉현대아파트. 건대병원, 제1로터리^^^^탄금공원^네오메디크리닉^^^^^^^^^^1^^^^
006^13^272000766^3^04^^^^건대병원, 금릉현대아파트, 탄금공^^^^토마토정형외과^탄금공원^^^^^^^^^^1^^^^
006^13^272000767^3^04^^^^금릉현대아파트, 건대병원, 제1로터리, 차고지^^^^탄금공원^차고지^^^^^^^^^^1^^^^
006^13^272000768^1^341^^^^연수주민센터, 터미널, 대미^^^^충주의료원^동막리^^^^^^^^^^1^^^^
006^13^272000769^1^172^^^^주감곡^^^^수월2^감곡면행정복지센터^^^^^^^^^^1^^^^
006^13^272000770^1^172^^^^주덕, 용원, 감곡터미^^^^차고지^감곡면행정복지센터^^^^^^^^^^1^^^^
006^13^272000771^1^111^^^^터미널, 서충주신도^^^^차고지^시티자이 맞은편^^^^^^^^^^1^^^^
006^13^272000772^2^111^^^^이류첨단진입로, 교통대, 터미널^^^^시티자이 맞은편^터미널(하이마트건너편)^^^^^^^^^^1^^^^
006^13^272000773^1^111^^^^교통대, 코아루, 기업도시, 시티자이^^^^터미널(하이마트건너편)^시티자이 맞은편^^^^^^^^^^1^^^^
006^13^272000774^2^111^^^^기업도시, 코아루, 교통대, 차고지^^^^시티자이 맞은편^차고지^^^^^^^^^^1^^^^
006^13^272000775^2^111^^^^기업도시, 코아루, 교통대, 터미널, 안심^^^^시티자이 맞은편^안심(종점)^^^^^^^^^^1^^^^
006^13^272000776^2^119^^^^국민은행, 터미널, 차고지^^^^충주의료원^차고지^^^^^^^^^^1^^^^
006^13^272000777^1^111^^^^터미널, 교통대, 코아루, 기업도시, 자이APT^^^^토마토정형외과^시티자이 맞은편^^^^^^^^^^1^^^^
006^13^272000778^2^111^^^^기업도시, 코아루, 교통대, 터미널, 공설시장^^^^시티자이 맞은편^터미널(하이마트건너편)^^^^^^^^^^1^^^^
006^13^272000779^1^111^^^^터미널, 교통대, 코아루, 기업도시, 시티자이^^^^차고지^시티자이 맞은편^^^^^^^^^^1^^^^
006^13^272000780^2^111^^^^기업도시, 코아루, 교통대, 차고지^^^^시티자이 맞은편^한국교통대(농협.건너편)^^^^^^^^^^1^^^^
006^13^272000781^1^411^^^^국민은행, 터미널, 중앙탑, 노은^^^^충주의료원^노은^^^^^^^^^^1^^^^
006^13^272000782^2^413^^^^노은, 중앙탑, 탄금대, 터미널, 공설시장^^^^감곡면행정복지센터^차고지^^^^^^^^^^1^^^^
006^13^272000783^1^112-1^^^^럭키APT, 충주여고, 국민은행, 터미널, 시티자이^^^^차고지^시티자이 맞은편^^^^^^^^^^1^^^^
006^13^272000784^1^332^^^^연수주민센터, 터미널, 대미, 삼탄^^^^차고지^명돌(종점방향)^^^^^^^^^^1^^^^
006^13^272000785^1^202^^^^터미널, 단월, 더푸른리버뷰APT, 용관^^^^차고지^두정^^^^^^^^^^1^^^^
006^13^272000786^1^240^^^^터미넣, 호암사거리, 살미, 홈실, 수안보^^^^더푸른아파트(건너편)^온천리^^^^^^^^^^1^^^^
006^13^272000787^1^341^^^^탄방, 동막^^^^차고지^동막리^^^^^^^^^^1^^^^
006^13^272000788^3^240^^^^삼원사거리, 차고지^^^^단월^차고지^^^^^^^^^^1^^^^
006^13^272000789^3^200^^^^삼원사거리, 차고지^^^^단월^차고지^^^^^^^^^^1^^^^
006^13^272000790^2^246^^^^살미, 호암사거리, 국민은행, 터미널, 차고지^^^^사문리(감나무집)^차고지^^^^^^^^^^1^^^^
006^13^272000791^2^315^^^^동량대교, 산업단지, 6단지, 자유시장, 차고지^^^^미라마을(시내방향)^차고지^^^^^^^^^^1^^^^
006^13^272000792^1^360^^^^터미널, 대미 , 엄정, 앙성온천역, 앙성^^^^차고지^용포직행버스정류소^^^^^^^^^^1^^^^
006^13^272000793^1^364^^^^터미널, 대미, 앙성온천역, 상대촌^^^^차고지^상대촌^^^^^^^^^^1^^^^
006^13^272000794^1^365^^^^앙성, 감곡^^^^용포직행버스정류소^감곡면행정복지센터^^^^^^^^^^1^^^^
006^13^272000795^2^365^^^^감곡,앙성,대미,터미널,종합운동장,차고지^^^^감곡면행정복지센터^차고지^^^^^^^^^^1^^^^
006^13^272000796^2^364^^^^앙성, 앙성온천역, 차고지^^^^삼당(종점하행)^차고지^^^^^^^^^^1^^^^
006^13^272000797^1^363^^^^앙성, 앙성온천역, 후곡^^^^용포직행버스정류소(건너편)^후곡마을^^^^^^^^^^1^^^^
006^13^272000798^2^363^^^^후곡, 앙성온천역, 차고지^^^^후곡마을^차고지^^^^^^^^^^1^^^^
006^13^272000799^1^365^^^^종합운동장, 터미널, 대미, 엄정, 앙성^^^^차고지^감곡면행정복지센터^^^^^^^^^^1^^^^
006^13^272000800^2^119^^^^건국대정문, 터미널, 삼원사거리, 차고지^^^^단월^차고지^^^^^^^^^^1^^^^
006^13^272000801^2^119^^^^상풍, 단월, 터미널, 차고지^^^^상풍^차고지^^^^^^^^^^1^^^^
006^13^272000802^1^77^^^^대소원면,삼일파라뷰,서충주자이,중앙탑면^^^^농협하나로마트^중앙탑 면사무소^^^^^^^^^^1^^^^
006^13^272000803^2^88^^^^서충주자이,삼일파라뷰,대소원면,주덕^^^^중앙탑 면사무소^주덕119안전센터^^^^^^^^^^1^^^^
006^13^272000804^2^364^^^^앙성, 앙성온천역, 터미널, 차고지^^^^상대촌^차고지^^^^^^^^^^1^^^^
006^13^272000805^2^365^^^^앙성, 앙성온천역, 터미널, 차고지^^^^감곡면행정복지센터^차고지^^^^^^^^^^1^^^^
006^13^272000806^2^411^^^^노은, 중앙탑면사무소^^^^노은^신촌^^^^^^^^^^1^^^^
006^13^272000807^3^700^^^^교통대, 건국대, 터미널^^^^한국교통대(정문)^한국교통대(정문)^^^^^^^^^^1^^^^
006^13^272000808^2^88^^^^서충주자이,삼일파라뷰,대소원면^^^^중앙탑 면사무소^대소원^^^^^^^^^^1^^^^
006^13^272000809^3^700^^^^교통대, 터미널, 건국대, 차고지^^^^한국교통대(정문)^차고지^^^^^^^^^^1^^^^
006^13^272000810^1^101^^^^터미널, 무학시장, 대원고, 남벌^^^^차고지^직동^^^^^^^^^^1^^^^
006^13^272000811^2^101^^^^대원고, 무하시장, 터미널, 회사^^^^직동^차고지^^^^^^^^^^1^^^^
006^13^272000812^2^111^^^^홈마트, 교통대, 터미널^^^^시티자이 맞은편^터미널(하이마트건너편)^^^^^^^^^^1^^^^
006^13^272000813^2^111^^^^홈마트, 교통대, 차고지^^^^시티자이 맞은편^차고지^^^^^^^^^^1^^^^
006^13^272000814^2^332^^^^산척, 영덕^^^^명돌(시내방향)^차고지^^^^^^^^^^1^^^^
006^13^272000815^3^01^^^^터미널, 제1로터리, 호암사거리, 석종^^^^차고지^차고지^^^^^^^^^^1^^^^
006^13^272000816^1^247^^^^터미널, 살미역, 고운리^^^^차고지^고운리^^^^^^^^^^1^^^^
006^13^272000817^1^240^^^^터미널, 살미, 수안보역^^^^차고지^수안보온천역^^^^^^^^^^1^^^^
006^13^272000818^2^240^^^^수안보, 살미, 터미널, 회사^^^^수안보온천역^차고지^^^^^^^^^^1^^^^
006^13^272000819^1^999^^^^교통대 직행^^^^터미널(하이마트건너편)^한국교통대(회차지)^^^^^^^^^^1^^^^
006^13^272000820^2^112-1^^^^중앙탑면사무소, 터미널, 회사^^^^시티자이 맞은편^차고지^^^^^^^^^^1^^^^
006^13^272000821^2^111^^^^삼일파라뷰, 코아루퍼스트, 교통대, 터미널, 회사.^^^^시티자이 맞은편^차고지^^^^^^^^^^1^^^^
006^13^272000822^2^111^^^^삼일파라뷰, 코아루퍼스트, 교통대, 터미널, 회사.^^^^시티자이 맞은편^차고지^^^^^^^^^^1^^^^
006^13^272000823^2^112^^^^롯데맥주, 코아루퍼스트, 교통대, 터미널, 회사.^^^^시티자이 맞은편^차고지^^^^^^^^^^1^^^^
006^13^272000824^2^112^^^^롯데맥주, 코아루퍼스트, 교통대, 터미널, 회사.^^^^시티자이 맞은편^차고지^^^^^^^^^^1^^^^
006^13^272000825^2^111^^^^홈마트, 코아루퍼스트, 교통대, 터미널, 회사.^^^^시티자이 맞은편^차고지^^^^^^^^^^1^^^^
006^13^272000826^2^급행1^^^^삼일파라뷰, 코아루퍼스트, 교통대, 터미널, 우미린.^^^^시티자이 맞은편^우미린^^^^^^^^^^1^^^^
006^13^272000827^1^급행1^^^^터미널, 충주역, 교통대, 삼일파라뷰, 시티자이.^^^^우미린^시티자이 맞은편^^^^^^^^^^1^^^^
006^13^272000828^2^급행1^^^^삼일파라뷰, 교통대, 터미널, 힘데스하임, 우미린.^^^^시티자이 맞은편^우미린^^^^^^^^^^1^^^^
006^13^272000829^2^급행2^^^^교통대, 터미널, 세영리첼, 시청.^^^^시티자이 맞은편^시청^^^^^^^^^^1^^^^
006^13^272000830^1^급행2^^^^세영리첼, 터미널, 교통대, 시티자이.^^^^시청^시티자이 맞은편^^^^^^^^^^1^^^^
006^13^272000831^2^급행2^^^^교통대, 터미널, 세영리첼, 시청.^^^^시티자이 맞은편^시청^^^^^^^^^^1^^^^
006^13^272000832^2^급행1^^^^교통대, 충주역, 터미널.^^^^시티자이 맞은편^터미널(하이마트앞)^^^^^^^^^^1^^^^
006^13^272000833^2^급행2^^^^교통대, 충주역, 터미널.^^^^시티자이 맞은편^터미널(하이마트앞)^^^^^^^^^^1^^^^
