006^13^272000005^^101^^^2^대원고,2로터리,터미널,용두동,수현마을,월은마을^^^^직동^토계^^^^^^^^^^^^^^
006^13^272000006^^101^^^2^대원고,국민은행,터미널,충주역,용두동,왕답마을^^^^직동^토계^^^^^^^^^^^^^^
006^13^272000008^^101^^^2^월은마을,수현마을,두담,터미널,1로터리,충주고^^^^토계^차고지^^^^^^^^^^^^^^
006^13^272000010^^101^^^1^호암지,충주고,국민은행,터미널,용두동,두담,탄용리^^^^차고지^토계^^^^^^^^^^^^^^
006^13^272000020^^106^^^2^2로터리,1로터리,터미널,용두동,교통대,거리실^^^^자활연수원(종점)^거리실^^^^^^^^^^^^^^
006^13^272000021^^106^^^1^호암지,1로터리,터미널,용두동,교통대,거리실^^^^차고지^거리실^^^^^^^^^^^^^^
006^13^272000023^^122^^^1^충주고,국민은행,공설시장,터미널^^^^차고지^주덕119안전센터^^^^^^^^^^^^^^
006^13^272000026^^119^^^2^의료원⇒터미널^^^^충주의료원^터미널맞은편^^^^^^^^^^^^^^
006^13^272000028^^119^^^2^하종,대원고,국민은행,터미널^^^^종민^터미널맞은편^^^^^^^^^^^^^^
006^13^272000031^^341^^^2^동막리⇒충주의료원^^^^동막리^충주의료원^^^^^^^^^^^^^^
006^13^272000033^^119^^^2^터미널,공설시장,국민은행,대원고,의료원^^^^상풍^충주의료원^^^^^^^^^^^^^^
006^13^272000034^^119^^^1^터미널,공설시장,국민은행,대원고,의료원^^^^터미널맞은편^충주의료원^^^^^^^^^^^^^^
006^13^272000037^^120^^^2^충주역,터미널,국원고,국민은행,충주고,회사^^^^원대곡^차고지^^^^^^^^^^^^^^
006^13^272000039^^120^^^1^충주고,국민은행,공설시장,터미널,충주역^^^^차고지^원대곡(마을회관)^^^^^^^^^^^^^^
006^13^272000042^^121^^^2^삼방마을,주덕,교통대,터미널,국민은행,충주고,회사^^^^삼방마을^차고지^^^^^^^^^^^^^^
006^13^272000044^^121^^^2^충주역,터미널,공설시장,국민은행,충주고,회사^^^^삼방마을^차고지^^^^^^^^^^^^^^
006^13^272000046^^121^^^1^충주고,국민은행,공설시장,터미널,충주역,교통대^^^^차고지^삼방마을^^^^^^^^^^^^^^
006^13^272000048^^121^^^1^주덕.청양.묵동^^^^차고지^삼방마을^^^^^^^^^^^^^^
006^13^272000049^^121^^^1^충주고,국민은행,공설시장,터미널,충주역,교통대^^^^차고지^삼방마을^^^^^^^^^^^^^^
006^13^272000050^^122^^^2^충주역,터미널,공설시장,국민은행,충주고,회사^^^^중동1리^차고지^^^^^^^^^^^^^^
006^13^272000051^^122^^^1^충주고,국민은행,공설시장,터미널,충주역,교통대^^^^차고지^중동1리^^^^^^^^^^^^^^
006^13^272000053^^131^^^2^충주역,터미널,공설시장,국민은행,충주고,회사^^^^음동(종점)^차고지^^^^^^^^^^^^^^
006^13^272000055^^131^^^1^충주고,국민은행,공설시장,터미널,충주역,교통대^^^^차고지^음동(종점)^^^^^^^^^^^^^^
006^13^272000057^^131^^^1^충주고,국민은행,공설시장,터미널,교통대,주덕,음동^^^^차고지^음동(종점)^^^^^^^^^^^^^^
006^13^272000059^^141^^^1^충주고,국민은행,공설시장,터미널,충주역,교통대^^^^차고지^노은^^^^^^^^^^^^^^
006^13^272000060^^141^^^2^충주역,터미널,공설시장,국민은행,충주고,회사^^^^안락2(종점)^차고지^^^^^^^^^^^^^^
006^13^272000061^^141^^^2^충주역,터미널,공설시장,국민은행,충주고,회사^^^^안락2(종점)^차고지^^^^^^^^^^^^^^
006^13^272000064^^141^^^1^충주고,국민은행,공설시장,터미널,충주역,교통대^^^^차고지^안락2(종점)^^^^^^^^^^^^^^
006^13^272000065^^142^^^2^교통대,충주역,터미널,국민은행,충주고,회사^^^^대덕1(종점)^차고지^^^^^^^^^^^^^^
006^13^272000066^^142^^^2^교통대,충주역,터미널,공설시장,국민은행,충주고^^^^대덕1(종점)^차고지^^^^^^^^^^^^^^
006^13^272000067^^142^^^1^충주고,국민은행,공설시장,터미널,충주역,교통대^^^^차고지^대덕1(종점)^^^^^^^^^^^^^^
006^13^272000068^^142^^^1^충주고,국민은행,공설시장,터미널,충주역,교통대^^^^차고지^대덕1(종점)^^^^^^^^^^^^^^
006^13^272000069^^143^^^2^교통대,충주역,터미널,공설시장,국민은행,충주고^^^^법동^차고지^^^^^^^^^^^^^^
006^13^272000071^^143^^^1^충주고,국민은행,공설시장,터미널,충주역,교통대^^^^차고지^법동^^^^^^^^^^^^^^
006^13^272000074^^151^^^1^충주고,국민은행,공설시장,터미널,충주역,교통대^^^^차고지^신니^^^^^^^^^^^^^^
006^13^272000075^^151^^^2^교통대,충주역,터미널,공설시장,국민은행,충주고^^^^신니^차고지^^^^^^^^^^^^^^
006^13^272000078^^151^^^1^충주고,국민은행,공설시장,터미널,충주역,교통대^^^^차고지^신니^^^^^^^^^^^^^^
006^13^272000080^^152^^^2^교통대,충주역,터미널,공설시장,국민은행,충주고^^^^내용^차고지^^^^^^^^^^^^^^
006^13^272000081^^152^^^2^교통대,충주역,터미널,공설시장,국민은행,충주고^^^^내용^차고지^^^^^^^^^^^^^^
006^13^272000082^^152^^^2^교통대,충주역,터미널,공설시장,국민은행,충주고^^^^내용^차고지^^^^^^^^^^^^^^
006^13^272000083^^152^^^1^충주고,국민은행,공설시장,터미널,충주역,교통대^^^^차고지^내용^^^^^^^^^^^^^^
006^13^272000084^^152^^^1^충주고,국민은행,공설시장,터미널,충주역,교통대^^^^차고지^내용^^^^^^^^^^^^^^
006^13^272000085^^152^^^1^충주고,국민은행,공설시장,터미널,충주역,교통대^^^^차고지^내용^^^^^^^^^^^^^^
006^13^272000086^^154^^^2^교통대,충주역,터미널,공설시장,국민은행,충주고^^^^방추^차고지^^^^^^^^^^^^^^
006^13^272000087^^154^^^2^대원고,국민은행,공설시장,터미널,충주역,교통대^^^^자활연수원(종점)^방추^^^^^^^^^^^^^^
006^13^272000090^^154^^^1^충주고,국민은행,공설시장,터미널,충주역,교통대^^^^차고지^방추^^^^^^^^^^^^^^
006^13^272000094^^157^^^2^교통대,충주역,터미널,공설시장,국민은행,충주고^^^^숭선^차고지^^^^^^^^^^^^^^
006^13^272000095^^157^^^2^교통대,충주역,터미널,공설시장,국민은행,충주고^^^^숭선^차고지^^^^^^^^^^^^^^
006^13^272000097^^157^^^1^충주고,국민은행,공설시장,터미널,충주역,교통대^^^^차고지^숭선^^^^^^^^^^^^^^
006^13^272000098^^157^^^1^충주고,국민은행,공설시장,터미널,충주역,교통대^^^^차고지^숭선^^^^^^^^^^^^^^
006^13^272000100^^157^^^1^충주고,국민은행,공설시장,터미널,충주역,교통대^^^^차고지^숭선^^^^^^^^^^^^^^
006^13^272000104^^159^^^2^교통대,충주역,터미널,공설시장,국민은행,충주고^^^^수월2^차고지^^^^^^^^^^^^^^
006^13^272000105^^159^^^2^교통대,충주역,터미널,공설시장,국민은행,대원고^^^^종민^수월2^^^^^^^^^^^^^^
006^13^272000108^^159^^^1^충주고,국민은행,공설시장,터미널,충주역,교통대^^^^차고지^수월2^^^^^^^^^^^^^^
006^13^272000110^^171^^^2^관말^^^^수월2^관성1리^^^^^^^^^^^^^^
006^13^272000113^^172^^^2^교통대,충주역,터미널,공설시장,국민은행,충주고^^^^감곡면행정복지센터^차고지^^^^^^^^^^^^^^
006^13^272000124^^200^^^2^무학시장.국민은행.충주고^^^^오가리^차고지^^^^^^^^^^^^^^
006^13^272000125^^200^^^1^무학시장.국민은행.충주고^^^^차고지^작담^^^^^^^^^^^^^^
006^13^272000128^^201^^^1^터미널.국민은행.충주고.건대후문^^^^차고지^조곡(하리)^^^^^^^^^^^^^^
006^13^272000129^^202-1^^^2^터미널.국민은행.충주고.살미^^^^문강^차고지^^^^^^^^^^^^^^
006^13^272000133^^210^^^2^터미널.국민은행.충주고^^^^재오개^차고지^^^^^^^^^^^^^^
006^13^272000134^^210^^^1^터미널.국민은행.충주고^^^^차고지^재오개^^^^^^^^^^^^^^
006^13^272000136^^222^^^1^터미널.국민은행.충주고^^^^차고지^공이2리^^^^^^^^^^^^^^
006^13^272000138^^222^^^1^터미널.국민은행.충주고^^^^차고지^한수면사무소앞^^^^^^^^^^^^^^
006^13^272000139^^222^^^1^터미널.국민은행.충주고^^^^차고지^한수면사무소앞^^^^^^^^^^^^^^
006^13^272000141^^223^^^1^터미널.국민은행.충주고^^^^차고지^덕산^^^^^^^^^^^^^^
006^13^272000144^^240^^^2^무학시장.국민은행.충주고^^^^단월^온천리^^^^^^^^^^^^^^
006^13^272000146^^240^^^2^무학시장.국민은행.충주고^^^^온천리^차고지^^^^^^^^^^^^^^
006^13^272000149^^240^^^1^무학시장.국민은행.충주고^^^^차고지^온천리^^^^^^^^^^^^^^
006^13^272000153^^242^^^2^무학시장.국민은행.충주고.건대후문^^^^조령^차고지^^^^^^^^^^^^^^
006^13^272000155^^246^^^2^무학시장.국민은행.충주고.건대후문^^^^수안보온천역^차고지^^^^^^^^^^^^^^
006^13^272000162^^246^^^2^터미널.국민은행.충주고.살미^^^^미륵리^차고지^^^^^^^^^^^^^^
006^13^272000163^^246^^^2^터미널.국민은행.충주고.살미^^^^차고지^미륵리(종점)^^^^^^^^^^^^^^
006^13^272000165^^246^^^2^충주역.터미널.문산^^^^한수면사무소앞^차고지^^^^^^^^^^^^^^
006^13^272000167^^246^^^1^충주역.터미널.문산^^^^차고지^한수면사무소앞^^^^^^^^^^^^^^
006^13^272000171^^301^^^2^건대병원.시청.여성회관.도매시장,충주댐^^^^관주^충주나루휴게소^^^^^^^^^^^^^^
006^13^272000173^^301^^^2^건대병원.시청.여성회관.도매시장,충주댐^^^^발티^충주나루휴게소^^^^^^^^^^^^^^
006^13^272000175^^301^^^2^건대병원.시청.여성회관.도매시장^^^^충주나루휴게소^차고지^^^^^^^^^^^^^^
006^13^272000178^^301^^^1^건대병원.시청.여성회관,충주댐^^^^차고지^충주나루휴게소^^^^^^^^^^^^^^
006^13^272000179^^301^^^1^건대병원.시청.여성회관.도매시장,충주댐^^^^차고지^충주나루휴게소^^^^^^^^^^^^^^
006^13^272000181^^310^^^1^공설시장.운동장.두진A^^^^차고지^동량(종점방향)^^^^^^^^^^^^^^
006^13^272000182^^312^^^2^공설시장.운동장.두진A^^^^서운리^차고지^^^^^^^^^^^^^^
006^13^272000183^^312^^^1^공설시장.운동장.두진A^^^^차고지^서운리^^^^^^^^^^^^^^
006^13^272000184^^312^^^1^공설시장.운동장.두진A^^^^차고지^서운리^^^^^^^^^^^^^^
006^13^272000186^^316^^^2^공설시장.운동장.두진A^^^^손동리.음양지(시내방향)^차고지^^^^^^^^^^^^^^
006^13^272000187^^316^^^1^공설시장.운동장.두진A^^^^차고지^손동리.음양지(종점방향)^^^^^^^^^^^^^^
006^13^272000190^^315^^^2^공설시장.운동장.두진A^^^^미라마을(시내방향)^차고지^^^^^^^^^^^^^^
006^13^272000191^^315^^^1^공설시장.운동장.두진A^^^^차고지^미라마을(종점방향)^^^^^^^^^^^^^^
006^13^272000192^^316^^^2^공설시장.운동장.두진A^^^^하천리(시내방향)^차고지^^^^^^^^^^^^^^
006^13^272000195^^316^^^1^공설시장.운동장.두진A^^^^차고지^하천리(종점방향)^^^^^^^^^^^^^^
006^13^272000197^^316^^^1^공설시장.운동장.두진A^^^^차고지^하천리(종점방향)^^^^^^^^^^^^^^
006^13^272000198^^316^^^1^공설시장.운동장.두진A^^^^차고지^하천리(종점방향)^^^^^^^^^^^^^^
006^13^272000199^^316^^^1^공설시장.운동장.두진A^^^^차고지^하천리(종점방향)^^^^^^^^^^^^^^
006^13^272000200^^316^^^2^공설시장.운동장.두진A^^^^금잠(시내방향)^차고지^^^^^^^^^^^^^^
006^13^272000203^^316^^^1^공설시장.운동장.두진A^^^^차고지^금잠(종점방향)^^^^^^^^^^^^^^
006^13^272000205^^320^^^2^연수지구.세원A.터미널^^^^대전리^차고지^^^^^^^^^^^^^^
006^13^272000207^^320^^^1^연수지구.세원A.터미널^^^^차고지^대전리^^^^^^^^^^^^^^
006^13^272000208^^324^^^2^공설시장.운동장.세원A.터미널^^^^월상^차고지^^^^^^^^^^^^^^
006^13^272000209^^324^^^2^공설시장.운동장.세원A.터미널^^^^월상^차고지^^^^^^^^^^^^^^
006^13^272000210^^324^^^1^공설시장.운동장.세원A.터미널^^^^차고지^월상^^^^^^^^^^^^^^
006^13^272000212^^324^^^1^공설시장.운동장.세원A.터미널^^^^차고지^월상^^^^^^^^^^^^^^
006^13^272000213^^324^^^2^공설시장.운동장.연수지구.터미널^^^^월상^차고지^^^^^^^^^^^^^^
006^13^272000216^^324^^^1^공설시장.운동장.연수지구^^^^차고지^월상^^^^^^^^^^^^^^
006^13^272000217^^324^^^1^공설시장.운동장.연수지구.터미널^^^^차고지^월상^^^^^^^^^^^^^^
006^13^272000218^^325^^^2^공설시장.운동장.세원A.터미널^^^^축동(종점)^차고지^^^^^^^^^^^^^^
006^13^272000219^^325^^^2^공설시장.운동장.세원A.터미널^^^^축동(종점)^차고지^^^^^^^^^^^^^^
006^13^272000220^^325^^^1^공설시장.운동장.세원A.터미널^^^^차고지^축동(종점)^^^^^^^^^^^^^^
006^13^272000221^^325^^^1^공설시장.운동장.세원A.터미널^^^^차고지^축동(종점)^^^^^^^^^^^^^^
006^13^272000222^^332^^^2^공설시장.운동장.연수지구^^^^명돌(시내방향)^차고지^^^^^^^^^^^^^^
006^13^272000226^^332^^^2^공설시장.운동장.연수지구^^^^방대(종점)^차고지^^^^^^^^^^^^^^
006^13^272000231^^333^^^2^공설시장.운동장.세원A.터미널^^^^대소강(시내방향)^차고지^^^^^^^^^^^^^^
006^13^272000233^^333^^^1^공설시장.운동장.세원A^^^^차고지^대소강(종점방향)^^^^^^^^^^^^^^
006^13^272000236^^333^^^2^차고지.공설시장.운동장.세원A^^^^광동삼거리^차고지^^^^^^^^^^^^^^
006^13^272000237^^333^^^2^공설시장.운동장.세원A.터미널^^^^상산종점^차고지^^^^^^^^^^^^^^
006^13^272000240^^333^^^1^차고지.공설시장.운동장.세원A^^^^차고지^광동삼거리^^^^^^^^^^^^^^
006^13^272000241^^333^^^1^차고지.공설시장.운동장.세원A^^^^차고지^광동삼거리^^^^^^^^^^^^^^
006^13^272000242^^333^^^1^공설시장.운동장.세원A.터미널^^^^차고지^상산종점^^^^^^^^^^^^^^
006^13^272000243^^333^^^2^공설시장.운동장.세원A.터미널^^^^합천마을^차고지^^^^^^^^^^^^^^
006^13^272000244^^333^^^2^공설시장.운동장.세원A.터미널^^^^합천마을^차고지^^^^^^^^^^^^^^
006^13^272000249^^341^^^1^공설시장.운동장.연수지구^^^^차고지^엄정^^^^^^^^^^^^^^
006^13^272000251^^341^^^2^공설시장.운동장.세원A.터미널^^^^동막리^차고지^^^^^^^^^^^^^^
006^13^272000254^^341^^^1^공설시장.운동장.세원A.터미널^^^^차고지^동막리^^^^^^^^^^^^^^
006^13^272000255^^341^^^1^공설시장.운동장.세원A.터미널^^^^차고지^동막리^^^^^^^^^^^^^^
006^13^272000259^^345^^^2^공설시장.운동장.연수지구^^^^원곡리(하일경로당건너편)^차고지^^^^^^^^^^^^^^
006^13^272000260^^345^^^1^공설시장.운동장.연수지구^^^^차고지^원곡리(하일경로당앞)^^^^^^^^^^^^^^
006^13^272000265^^345^^^2^공설시장.운동장.연수지구^^^^미덕중.중산고.충주상고^소림(종점)^^^^^^^^^^^^^^
006^13^272000266^^345^^^2^공설시장.운동장.연수지구^^^^소림마을(종점)^차고지^^^^^^^^^^^^^^
006^13^272000267^^345^^^1^공설시장.운동장.연수지구^^^^차고지^소림(종점)^^^^^^^^^^^^^^
006^13^272000268^^353^^^2^공설시장.운동장.연수지구^^^^벌묘^차고지^^^^^^^^^^^^^^
006^13^272000269^^353^^^1^공설시장.운동장.연수지구^^^^차고지^벌묘^^^^^^^^^^^^^^
006^13^272000270^^353^^^2^공설시장.연수지구.터미널^^^^외촌^차고지^^^^^^^^^^^^^^
006^13^272000271^^353^^^1^공설시장.연수지구.터미널^^^^차고지^외촌^^^^^^^^^^^^^^
006^13^272000272^^353^^^1^공설시장.연수지구.터미널^^^^차고지^외촌^^^^^^^^^^^^^^
006^13^272000273^^356^^^2^공설시장.운동장.세원A^^^^벌묘^차고지^^^^^^^^^^^^^^
006^13^272000274^^356^^^2^공설시장.운동장.세원A^^^^벌묘^차고지^^^^^^^^^^^^^^
006^13^272000275^^356^^^1^공설시장.운동장.세원A^^^^차고지^오량^^^^^^^^^^^^^^
006^13^272000277^^360^^^2^공설시장.운동장.법원^^^^용포직행버스정류소(건너편)^차고지^^^^^^^^^^^^^^
006^13^272000278^^360^^^1^공설시장.운동장.법원^^^^차고지^용포직행버스정류소^^^^^^^^^^^^^^
006^13^272000279^^361^^^2^공설시장.운동장.법원^^^^삼당(종점하행)^차고지^^^^^^^^^^^^^^
006^13^272000280^^364^^^1^공설시장.운동장.법원^^^^차고지^삼당(종점)^^^^^^^^^^^^^^
006^13^272000281^^363^^^2^후곡<->앙성^^^^용포직행버스정류소(건너편)^후곡마을^^^^^^^^^^^^^^
006^13^272000283^^363^^^2^후곡<->앙성^^^^후곡마을^용포직행버스정류소^^^^^^^^^^^^^^
006^13^272000285^^363^^^2^단암<->앙성^^^^의암^용포직행버스정류소^^^^^^^^^^^^^^
006^13^272000286^^363^^^2^단암<->앙성^^^^의암^용포직행버스정류소^^^^^^^^^^^^^^
006^13^272000287^^363^^^2^앙성,목계,엄정,대미,터미널,종합운동장,차고지^^^^의암^차고지^^^^^^^^^^^^^^
006^13^272000289^^363^^^2^^^^^용포직행버스정류소(건너편)^단암^^^^^^^^^^^^^^
006^13^272000290^^363^^^2^단암<->앙성^^^^용포직행버스정류소(건너편)^단암^^^^^^^^^^^^^^
006^13^272000292^^363^^^1^단암^^^^차고지^단암^^^^^^^^^^^^^^
006^13^272000293^^364^^^2^공설시장.운동장.법원.터미널^^^^상대촌^차고지^^^^^^^^^^^^^^
006^13^272000294^^364^^^1^공설시장.운동장.법원.터미널^^^^차고지^상대촌^^^^^^^^^^^^^^
006^13^272000295^^364^^^1^상대촌직행^^^^차고지^상대촌(종점방향)^^^^^^^^^^^^^^
006^13^272000296^^365^^^2^감곡<->앙성^^^^감곡면행정복지센터^앙성119안전센터(맞은편)^^^^^^^^^^^^^^
006^13^272000297^^365^^^2^앙성,목계,엄정,대미,터미널,종합운동장,차고지^^^^감곡면행정복지센터^차고지^^^^^^^^^^^^^^
006^13^272000299^^365^^^1^공설시장.종합운동장.법원,터미널,대미,엄정,앙성^^^^차고지^감곡면행정복지센터^^^^^^^^^^^^^^
006^13^272000308^^404^^^2^예성여고.충주공고.국민은행^^^^보훈휴양원^차고지^^^^^^^^^^^^^^
006^13^272000309^^404^^^2^예성여고.충주공고.국민은행^^^^보훈휴양원^차고지^^^^^^^^^^^^^^
006^13^272000310^^404^^^2^예성여고.충주공고.국민은행^^^^보훈휴양원^차고지^^^^^^^^^^^^^^
006^13^272000311^^404^^^2^예성여고.충주공고.국민은행^^^^보훈휴양원^차고지^^^^^^^^^^^^^^
006^13^272000312^^404^^^1^예성여고.충주공고.국민은행^^^^차고지^보훈휴양원^^^^^^^^^^^^^^
006^13^272000313^^404^^^1^예성여고.충주공고.국민은행^^^^차고지^보훈휴양원^^^^^^^^^^^^^^
006^13^272000315^^404^^^1^예성여고.충주공고.국민은행^^^^차고지^보훈휴양원^^^^^^^^^^^^^^
006^13^272000317^^411^^^2^예성여고.충주공고.국민은행^^^^노은^차고지^^^^^^^^^^^^^^
006^13^272000319^^411^^^1^예성여고.충주공고.국민은행^^^^차고지^노은^^^^^^^^^^^^^^
006^13^272000320^^411^^^1^예성여고.충주공고.국민은행^^^^차고지^노은^^^^^^^^^^^^^^
006^13^272000321^^412^^^2^터미널.국원고.국민은행.충주공고.예성여고^^^^하남^차고지^^^^^^^^^^^^^^
006^13^272000327^^413^^^2^터미널.국원고.국민은행.충주공고.예성여고.회사^^^^감곡면행정복지센터^차고지^^^^^^^^^^^^^^
006^13^272000328^^413^^^1^예성여고.충주공고.국민은행.국원고.터미널^^^^차고지^감곡면행정복지센터^^^^^^^^^^^^^^
006^13^272000330^^154^^^2^교통대.터미널.국민은행.동촌사거리^^^^방추^안심(종점)^^^^^^^^^^^^^^
006^13^272000334^^101^^^2^터미널.공설시장.국민은행.대원고^^^^토계^직동^^^^^^^^^^^^^^
006^13^272000338^^119^^^1^터미널.공설시장.국민은행^^^^터미널맞은편^가구마을(시외방향)^^^^^^^^^^^^^^
006^13^272000340^^301^^^2^도매시장.시청.건대병원.미덕.^^^^충주나루휴게소^발티^^^^^^^^^^^^^^
006^13^272000342^^301^^^2^도매시장.시청.건대병원.지곡교^^^^충주나루휴게소^발티^^^^^^^^^^^^^^
006^13^272000343^^301^^^2^도매시장.시청.건대병원.지곡교^^^^충주나루휴게소^관주^^^^^^^^^^^^^^
006^13^272000351^^246^^^2^건국대정문.충주역.터미널.삼원초교.차고지^^^^단월^차고지^^^^^^^^^^^^^^
006^13^272000352^^223^^^2^내사,살미,터미널,단월^^^^덕산/성내^단월^^^^^^^^^^^^^^
006^13^272000354^^119^^^2^국민은행.공설시장.터미널.건국대정문.단월^^^^충주의료원^하풍마을^^^^^^^^^^^^^^
006^13^272000356^^200^^^2^국민은행.공설시장.터미널^^^^오가리^단월^^^^^^^^^^^^^^
006^13^272000359^^223^^^2^살미.국민은행.공설시장^^^^덕산/성내^상풍(마을회관앞)^^^^^^^^^^^^^^
006^13^272000360^^223^^^2^살미.국민은행.공설시장.터미널^^^^상풍^차고지^^^^^^^^^^^^^^
006^13^272000364^^119^^^2^국민은행.공설시장.터미널^^^^충주의료원^생이마을(관산방향)^^^^^^^^^^^^^^
006^13^272000369^^246^^^2^국민은행.공설시장.터미널^^^^두정^차고지^^^^^^^^^^^^^^
006^13^272000373^^777^^^3^순환노선 미덕중 경유^^^^차고지^차고지^^^^^^^^^^^^^^
006^13^272000375^^777^^^3^순환노선^^^^차고지^차고지^^^^^^^^^^^^^^
006^13^272000376^^888^^^3^순환노선 미덕중 경유^^^^차고지^차고지^^^^^^^^^^^^^^
006^13^272000377^^888^^^3^순환노선^^^^차고지^차고지^^^^^^^^^^^^^^
006^13^272000378^^999^^^3^시외터미널^^^^한국교통대(회차지)^시외버스터미널^^^^^^^^^^^^^^
006^13^272000379^^999^^^3^터미널,충주역,교통대^^^^한국교통대(회차지)^차고지^^^^^^^^^^^^^^
006^13^272000381^^999^^^3^한국교통대^^^^터미널(하이마트건너편)^한국교통대(회차지)^^^^^^^^^^^^^^
006^13^272000382^^999^^^3^한국교통대^^^^차고지^한국교통대(회차지)^^^^^^^^^^^^^^
006^13^272000406^^201^^^2^살미면사무소에서 인계 후 차고^^^^조곡(하리)^살미면행정복지센터^^^^^^^^^^^^^^
006^13^272000408^^222^^^2^터미널.국민은행.충주고^^^^공이2리^차고지^^^^^^^^^^^^^^
006^13^272000409^^222^^^2^터미널.국민은행.충주고^^^^한수면사무소앞^차고지^^^^^^^^^^^^^^
006^13^272000415^^172^^^2^수월^^^^감곡면행정복지센터^수월2^^^^^^^^^^^^^^
006^13^272000416^^171^^^2^수월^^^^관성1리^수월2^^^^^^^^^^^^^^
006^13^272000420^^210^^^2^터미널.국민은행.충주고.건대후문^^^^재오개(도선골)^차고지^^^^^^^^^^^^^^
006^13^272000421^^356^^^1^공설시장.운동장.세원A.터미널.덕은리^^^^차고지^벌묘^^^^^^^^^^^^^^
006^13^272000424^^247^^^2^차고지.무학시장.국민은행.충주고^^^^고운리^차고지^^^^^^^^^^^^^^
006^13^272000430^^341^^^2^공설시장.운동장.세원A.터미널^^^^동막리^차고지^^^^^^^^^^^^^^
006^13^272000433^^119^^^2^건국대정문.터미널.공설시장.국민은행.의료^^^^단월^충주의료원^^^^^^^^^^^^^^
006^13^272000434^^106^^^2^교통대.용두동.터미널.1로터리.충주고.차고지^^^^거리실^차고지^^^^^^^^^^^^^^
006^13^272000436^^341^^^2^동막 탄방 산척 시내 차고지^^^^동막리^차고지^^^^^^^^^^^^^^
006^13^272000438^^333^^^1^공설시장.운동장.세원A.터미널^^^^차고지^합천마을^^^^^^^^^^^^^^
006^13^272000445^^119^^^2^회사.호암사거리,충주여고,대원고,충주의료원^^^^차고지^충주의료원^^^^^^^^^^^^^^
006^13^272000446^^119^^^2^의료원,대원고,충주여고,호암사거리,회사^^^^충주의료원^차고지^^^^^^^^^^^^^^
006^13^272000463^^112^^^1^교통대.코아루퍼스트A.미진이지비아^^^^터미널(하이마트건너편)^시티자이 맞은편^^^^^^^^^^^^^^
006^13^272000464^^112^^^2^신우희가로.코아루퍼스트A.교통대^^^^시티자이 맞은편^터미널(하이마트건너편)^^^^^^^^^^^^^^
006^13^272000468^^112-1^^^1^갈동.법현마을.e편한세상A^^^^차고지^시티자이 맞은편^^^^^^^^^^^^^^
006^13^272000469^^112-1^^^1^중앙탑면사무소.법현마을.코아루더테라스A^^^^터미널(하이마트건너편)^시티자이 맞은편^^^^^^^^^^^^^^
006^13^272000470^^112-1^^^2^갈동사거리.중앙탑면사무소.탄금대^^^^시티자이 맞은편^터미널(하이마트건너편)^^^^^^^^^^^^^^
006^13^272000475^^112-1^^^1^중앙탑면사무소.법현마을.코아루더테라스A^^^^차고지^시티자이 맞은편^^^^^^^^^^^^^^
006^13^272000476^^112-1^^^2^갈동사거리.중앙탑면사무소.탄금대,차고지.^^^^시티자이 맞은편^차고지^^^^^^^^^^^^^^
006^13^272000477^^320^^^2^목행, 세원A, 국민은행^^^^대전리^용산주공(2단지)^^^^^^^^^^^^^^
006^13^272000478^^320^^^1^국민은행, 터미널, 대미.^^^^용산주공(2단지)^대전리^^^^^^^^^^^^^^
006^13^272000479^^332^^^2^영덕, 대미, 터미널, 의료원.^^^^방대(종점)^충주의료원^^^^^^^^^^^^^^
006^13^272000480^^332^^^1^충주의료원,연수주민센터,터미널,방대^^^^충주의료원^방대(종점)^^^^^^^^^^^^^^
006^13^272000482^^353^^^1^의료원.공설시장.연수지구.터미널.외촌.구룡.^^^^충주의료원^외촌^^^^^^^^^^^^^^
006^13^272000489^^333^^^1^공설시장.운동장.세원A.터미넣^^^^차고지^합천마을^^^^^^^^^^^^^^
006^13^272000491^^777^^^3^순환노선 럭키아파트 경유^^^^차고지^차고지^^^^^^^^^^^^^^
006^13^272000493^^119^^^1^터미널,무학시장,국민은행,의료원,종민동^^^^터미널(하이마트앞)^종민동^^^^^^^^^^^^^^
006^13^272000494^^119^^^2^하종,요각골,의료원,국민은행,터미널^^^^종민^터미널(하이마트앞)^^^^^^^^^^^^^^
006^13^272000495^^119^^^1^종민동,요각골경^^^^터미널맞은편^종민동^^^^^^^^^^^^^^
006^13^272000496^^119^^^2^의료원경유,터미널,상^^^^종민^상풍(마을회관앞)^^^^^^^^^^^^^^
006^13^272000497^^315^^^1^미라실직행^^^^차고지^미라마을(종점방향)^^^^^^^^^^^^^^
006^13^272000498^^315^^^2^모천,터미널,미덕^^^^미라마을(시내방향)^미덕중.중산고.충주상고^^^^^^^^^^^^^^
006^13^272000499^^315^^^1^미덕학원,터미널,미라^^^^미덕중.중산고.충주상고^미라마을(종점방향)^^^^^^^^^^^^^^
006^13^272000500^^316^^^1^하천직행^^^^차고지^하천리(종점방향)^^^^^^^^^^^^^^
006^13^272000501^^316^^^2^모천,운교,터미널,회사.^^^^하천리(시내방향)^차고지^^^^^^^^^^^^^^
006^13^272000502^^316^^^1^터미널,운교.회사.^^^^금잠(시내방향)^차고지^^^^^^^^^^^^^^
006^13^272000503^^312^^^2^목행,터미널,회사.^^^^서운리^차고지^^^^^^^^^^^^^^
006^13^272000504^^310^^^2^동량,회사 직접운^^^^동량(시내방향)^차고지^^^^^^^^^^^^^^
006^13^272000505^^316^^^1^1로터리,터미널,금잠.^^^^차고지^금잠(종점방향)^^^^^^^^^^^^^^
006^13^272000506^^360^^^2^하남,터미널,회^^^^용포직행버스정류소(건너편)^차고지^^^^^^^^^^^^^^
006^13^272000507^^360^^^1^터미널,목행,대미,앙성^^^^차고지^용포직행버스정류소^^^^^^^^^^^^^^
006^13^272000509^^363^^^1^후곡직행^^^^차고지^후곡마을^^^^^^^^^^^^^^
006^13^272000511^^360^^^2^앙성,목행,회사^^^^용포직행버스정류소(건너편)^차고지^^^^^^^^^^^^^^
006^13^272000512^^412^^^1^회사,미덕중,터미널,하남^^^^차고지^하남^^^^^^^^^^^^^^
006^13^272000513^^412^^^2^노은,터미널,의료원^^^^하남^충주의료원^^^^^^^^^^^^^^
006^13^272000515^^411^^^1^삼원초,터미널,탄금대,중앙탑면사무소,노은^^^^차고지^노은^^^^^^^^^^^^^^
006^13^272000516^^404^^^1^삼원4,터미널,내동.^^^^차고지^보훈휴양원^^^^^^^^^^^^^^
006^13^272000517^^411^^^1^터미널,하방,탄금대,노은^^^^차고지^노은^^^^^^^^^^^^^^
006^13^272000518^^412^^^1^터미널,탄금대,하남,우성경^^^^차고지^하남^^^^^^^^^^^^^^
006^13^272000520^^301^^^2^시청,국민은행,발티,회^^^^충주나루휴게소^차고지^^^^^^^^^^^^^^
006^13^272000521^^301^^^2^공단,국민은행,충주여고,도장골,회^^^^충주나루휴게소^차고지^^^^^^^^^^^^^^
006^13^272000522^^301^^^1^건대병원.시청.여성회관.도매시장,충주댐^^^^관주^충주나루휴게소^^^^^^^^^^^^^^
006^13^272000523^^301^^^2^시청,건대병원,이마트,회^^^^충주나루휴게소^차고지^^^^^^^^^^^^^^
006^13^272000524^^301^^^1^석종경유,국민은행,시청,선착^^^^발티^충주나루휴게소^^^^^^^^^^^^^^
006^13^272000525^^310^^^1^체육관,임광4,터미널,동^^^^차고지^동량(종점방향)^^^^^^^^^^^^^^
006^13^272000526^^310^^^2^목행,터미널,6단지,종합운동장,1로터리,회^^^^동량(시내방향)^차고지^^^^^^^^^^^^^^
006^13^272000527^^111^^^1^차고지.교통대.유한킴벌리.메디컬타워.^^^^차고지^시티자이 맞은편^^^^^^^^^^^^^^
006^13^272000530^^112^^^1^회사.GS자이아파트 직접운행.^^^^차고지^시티자이 맞은편^^^^^^^^^^^^^^
006^13^272000531^^112^^^2^교통대.터미널.회사.^^^^시티자이 맞은편^차고지^^^^^^^^^^^^^^
006^13^272000532^^324^^^2^대미.터미널.연수주민센터.회사.^^^^월상^차고지^^^^^^^^^^^^^^
006^13^272000533^^332^^^1^연수지구.터미널.대미^^^^차고지^방대(종점)^^^^^^^^^^^^^^
006^13^272000534^^320^^^1^마흘직행^^^^차고지^대전리^^^^^^^^^^^^^^
006^13^272000535^^346^^^1^연수주민센터.터미널.대미.주동^^^^차고지^주동^^^^^^^^^^^^^^
006^13^272000536^^346^^^2^유봉리.엄정.대미.터미널.연수주민센터.^^^^주동^차고지^^^^^^^^^^^^^^
006^13^272000537^^346^^^1^연수주민센터.터미널.대미.유봉리.상주동.^^^^차고지^주동^^^^^^^^^^^^^^
006^13^272000538^^346^^^2^산약.엄정.대미.터미널.연수주민센터.^^^^주동^차고지^^^^^^^^^^^^^^
006^13^272000539^^346^^^1^연수주민센터.터미널.대미.원곡리.유봉리.주동^^^^차고지^주동^^^^^^^^^^^^^^
006^13^272000540^^346^^^2^엄정.대미.터미널.연수주민센터^^^^주동^차고지^^^^^^^^^^^^^^
006^13^272000541^^344^^^1^연수주민센터.터미널.대미.주동^^^^차고지^주동^^^^^^^^^^^^^^
006^13^272000542^^346^^^2^유봉리,엄정,대미,터미널,미덕학원^^^^주동^미덕중.중산고.충주상고^^^^^^^^^^^^^^
006^13^272000543^^356^^^1^소태직접운행.덕은리^^^^차고지^벌묘^^^^^^^^^^^^^^
006^13^272000544^^341^^^2^엄정,대미,터미널,의료원^^^^동막리^충주의료원^^^^^^^^^^^^^^
006^13^272000545^^341^^^2^회사직행^^^^엄정면사무소^차고지^^^^^^^^^^^^^^
006^13^272000546^^223^^^2^살미.회사.^^^^덕산/성내^차고지^^^^^^^^^^^^^^
006^13^272000547^^246^^^1^살미.수안보.미륵^^^^차고지^미륵리(종점)^^^^^^^^^^^^^^
006^13^272000548^^246^^^2^화천리.수안보.살미.터미널.회사.^^^^미륵리^차고지^^^^^^^^^^^^^^
006^13^272000549^^223^^^1^덕산직행^^^^차고지^덕산^^^^^^^^^^^^^^
006^13^272000550^^246^^^2^수안보.살미.터미널.단월.^^^^한수면사무소앞^단월^^^^^^^^^^^^^^
006^13^272000551^^246^^^2^수안보,살미,터미널,단월^^^^미륵리^단월^^^^^^^^^^^^^^
006^13^272000552^^246^^^1^터미널.살미.화천리.^^^^단월^수안보온천역^^^^^^^^^^^^^^
006^13^272000553^^247^^^1^고운리직행.^^^^차고지^고운리^^^^^^^^^^^^^^
006^13^272000554^^201^^^1^터미널.살미.조곡^^^^단월^조곡(하리)^^^^^^^^^^^^^^
006^13^272000555^^247^^^1^터미널.살미.고운리.^^^^차고지^고운리^^^^^^^^^^^^^^
006^13^272000556^^247^^^2^살미,터미널,단월^^^^고운리^단월^^^^^^^^^^^^^^
006^13^272000557^^247^^^2^살미면사무소에서 인^^^^고운리^살미역^^^^^^^^^^^^^^
006^13^272000558^^247^^^2^홈실.^^^^고운리^호음실(시내방향)^^^^^^^^^^^^^^
006^13^272000559^^210^^^1^재오개직행^^^^차고지^재오개(도선골)^^^^^^^^^^^^^^
006^13^272000560^^240^^^2^살미.터미널.단월.^^^^온천리^단월^^^^^^^^^^^^^^
006^13^272000561^^210^^^2^살미.터미널.단월.^^^^재오개^단월^^^^^^^^^^^^^^
006^13^272000562^^363^^^2^차고지 직접운행^^^^후곡마을^온천(종점방향)^^^^^^^^^^^^^^
006^13^272000563^^242^^^1^터미널.살미.조령.^^^^차고지^조령^^^^^^^^^^^^^^
006^13^272000564^^242^^^2^석문동,수안보,살미,터미널,단월^^^^조령^단월^^^^^^^^^^^^^^
006^13^272000565^^242^^^1^터미널.살미.조령.^^^^단월^조령^^^^^^^^^^^^^^
006^13^272000566^^240^^^1^터미널.살미.수안보.^^^^차고지^수안보온천역^^^^^^^^^^^^^^
006^13^272000567^^240^^^2^살미.터미널.회사.^^^^수안보온천역^차고지^^^^^^^^^^^^^^
006^13^272000568^^242^^^2^수안보.살미.터미널.회사.^^^^조령^차고지^^^^^^^^^^^^^^
006^13^272000569^^240-1^^^1^싯계.문강.수안보.^^^^차고지^온천리^^^^^^^^^^^^^^
006^13^272000570^^240-1^^^2^수안보,문강,토계,건대후문,국민은행,터미널,단월^^^^온천리^단월^^^^^^^^^^^^^^
006^13^272000571^^202^^^1^터미널.홈실.문강.^^^^단월^문강^^^^^^^^^^^^^^
006^13^272000572^^202^^^2^홈실.터미널.단월.^^^^문강^단월^^^^^^^^^^^^^^
006^13^272000573^^202-2^^^1^터미널.싯계.문강.^^^^단월^문강^^^^^^^^^^^^^^
006^13^272000575^^202^^^1^터미널.홈실.문강.^^^^두정^문강^^^^^^^^^^^^^^
006^13^272000576^^202^^^2^홈실.터미널.단월.용관.^^^^문강^두정^^^^^^^^^^^^^^
006^13^272000577^^202-1^^^1^단월.터미널.싯계.문강.^^^^두정^문강^^^^^^^^^^^^^^
006^13^272000578^^202-1^^^2^싯계.회사.^^^^문강^차고지^^^^^^^^^^^^^^
006^13^272000579^^240-2^^^1^터미널.홈실.수안보.^^^^차고지^수안보온천역^^^^^^^^^^^^^^
006^13^272000580^^240-2^^^2^홈실.터미널.회사.^^^^수안보온천역^차고지^^^^^^^^^^^^^^
006^13^272000581^^240^^^1^두정직행^^^^차고지^두정^^^^^^^^^^^^^^
006^13^272000583^^246^^^2^수안보.살미.터미널.용관.^^^^미륵리^두정^^^^^^^^^^^^^^
006^13^272000585^^246^^^1^터미널.살미.수안보.석문동.^^^^차고지^사문리(수안보실버릿지)^^^^^^^^^^^^^^
006^13^272000586^^246^^^2^수안보.살미.터미널.단월.^^^^사문리(감나무집)^단월^^^^^^^^^^^^^^
006^13^272000587^^240^^^1^터미널.살미.수안보.^^^^단월^수안보온천역^^^^^^^^^^^^^^
006^13^272000588^^119^^^2^단월.터미널.국민은행.회사.^^^^생이마을^차고지^^^^^^^^^^^^^^
006^13^272000590^^200^^^2^홈실,수안보,살미,터미널,상풍^^^^오가리^상풍(마을회관앞)^^^^^^^^^^^^^^
006^13^272000591^^200^^^1^단월.터미널.홈실.장연.^^^^상풍^오가리^^^^^^^^^^^^^^
006^13^272000592^^200^^^1^터미널.홈실.장연.^^^^단월^오가리^^^^^^^^^^^^^^
006^13^272000593^^200^^^2^홈실.터미널.송림.단월.^^^^오가리^단월^^^^^^^^^^^^^^
006^13^272000594^^240^^^2^회사.^^^^단월^차고지^^^^^^^^^^^^^^
006^13^272000595^^222^^^2^공이동.내사.터미널.회사.^^^^한수면사무소앞^차고지^^^^^^^^^^^^^^
006^13^272000596^^222^^^2^내사.살미.회사.^^^^한수면사무소앞^차고지^^^^^^^^^^^^^^
006^13^272000597^^157^^^2^회문.,용원.주덕.교통대.터미널.회사.^^^^숭선^차고지^^^^^^^^^^^^^^
006^13^272000598^^143^^^2^주덕,교통대,미덕중^^^^법동^남부119안전센터^^^^^^^^^^^^^^
006^13^272000599^^143^^^1^터미널.교통대.주덕.법동.^^^^남부119안전센터^법동^^^^^^^^^^^^^^
006^13^272000600^^103^^^1^충주고,국민은행,터미널,용두동,교통대,금곡리^^^^차고지^금곡리^^^^^^^^^^^^^^
006^13^272000601^^102^^^2^금곡리⇒교통대^^^^금곡리^한국교통대(농협.건너편)^^^^^^^^^^^^^^
006^13^272000602^^151^^^2^마제.주덕.교통대.터미널.남부소방서.^^^^신니^남부119안전센터^^^^^^^^^^^^^^
006^13^272000603^^151^^^1^주덕.마제.용원.^^^^차고지^신니^^^^^^^^^^^^^^
006^13^272000604^^151^^^2^터미널.교통대정문.주덕.마제.용원.^^^^남부119안전센터^신니^^^^^^^^^^^^^^
006^13^272000606^^159^^^2^광벌.주덕.교통대.터미널.미덕학원.남부소방서.^^^^수월2^남부119안전센터^^^^^^^^^^^^^^
006^13^272000607^^159^^^1^터미널.교통대.주덕.수월.^^^^남부119안전센터^수월2^^^^^^^^^^^^^^
006^13^272000609^^101^^^2^용관.터미널.직동.^^^^수주^직동^^^^^^^^^^^^^^
006^13^272000610^^101^^^2^용두동,충주역,터미널,국민은행,럭키아파트^^^^토계^차고지^^^^^^^^^^^^^^
006^13^272000611^^101^^^1^충주고,국민은행,터미널,용두동,월은마을^^^^차고지^토계^^^^^^^^^^^^^^
006^13^272000612^^514^^^2^용관->남벌^^^^두정^직동^^^^^^^^^^^^^^
006^13^272000613^^101^^^2^차고지->차고지(운행안함)^^^^직동^차고지^^^^^^^^^^^^^^
006^13^272000614^^171^^^1^터미널.주덕.관말.^^^^차고지^관성1리^^^^^^^^^^^^^^
006^13^272000615^^142^^^1^터미널.교통대.주덕.,대덕.^^^^차고지^대덕1(종점)^^^^^^^^^^^^^^
006^13^272000616^^159^^^2^주덕.교통대.터미널.회사.^^^^수월2^차고지^^^^^^^^^^^^^^
006^13^272000617^^121^^^1^터미널.교통대.주덕..묵동.삼방.^^^^차고지^삼방마을^^^^^^^^^^^^^^
006^13^272000618^^121^^^2^삼방->주덕종점^^^^삼방마을^주덕(연합의원)^^^^^^^^^^^^^^
006^13^272000619^^121^^^2^주덕.교통대.터미널.미덕학원.(방학운행안함)^^^^삼방마을^미덕중.중산고.충주상고^^^^^^^^^^^^^^
006^13^272000620^^121^^^2^미덕중,호암사거리,럭키아파트,회사(방학운행안함)^^^^미덕중.중산고.충주상고^차고지^^^^^^^^^^^^^^
006^13^272000628^^159^^^1^터미널.주덕.수월.^^^^차고지^수월2^^^^^^^^^^^^^^
006^13^272000629^^151^^^2^주덕.교통대.터미널.회사.^^^^신니^차고지^^^^^^^^^^^^^^
006^13^272000630^^103^^^1^충주고,국민은행,터미널,용두동,만적,막의^^^^차고지^목도공동정류소^^^^^^^^^^^^^^
006^13^272000631^^103^^^2^용두동,충주역,터미널,국민은행,충주고,럭키아파트^^^^목도공동정류소^차고지^^^^^^^^^^^^^^
006^13^272000632^^103^^^1^충주고,국민은행,터미널,용두동,만적,막의^^^^차고지^목도공동정류소^^^^^^^^^^^^^^
006^13^272000633^^103^^^2^안촌.독정.,터미널.회사.^^^^목도공동정류소^차고지^^^^^^^^^^^^^^
006^13^272000634^^141^^^2^주덕.교통대.터미널.회사.^^^^안락2(종점)^차고지^^^^^^^^^^^^^^
006^13^272000635^^120^^^1^주덕.교통대.터미널.회사.^^^^원대곡^차고지^^^^^^^^^^^^^^
006^13^272000636^^154^^^2^주덕.교통대.터미널.회사.^^^^방추^차고지^^^^^^^^^^^^^^
006^13^272000637^^141^^^1^터미널.교통대.주덕.수상.^^^^차고지^안락2(종점)^^^^^^^^^^^^^^
006^13^272000638^^151^^^2^회사.^^^^신니^차고지^^^^^^^^^^^^^^
006^13^272000639^^122^^^1^터미널.교통대.주덕.한내.^^^^차고지^중동1리^^^^^^^^^^^^^^
006^13^272000640^^122^^^2^주덕.교통대.터미널.회사.^^^^중동1리^차고지^^^^^^^^^^^^^^
006^13^272000641^^122^^^2^회사직행^^^^농협하나로마트^차고지^^^^^^^^^^^^^^
006^13^272000642^^159^^^2^주덕,교통대.터미널.회사.^^^^수월2^차고지^^^^^^^^^^^^^^
006^13^272000645^^346^^^2^유봉리.엄정.대미.터미널.연수주민센터.^^^^주동^차고지^^^^^^^^^^^^^^
006^13^272000646^^404^^^1^의료원, 형천, 원동, 내동.^^^^충주의료원^보훈휴양원^^^^^^^^^^^^^^
006^13^272000647^^404^^^2^내동, 형천, 회사.^^^^보훈휴양원^차고지^^^^^^^^^^^^^^
006^13^272000648^^242^^^1^회사발 조령행.^^^^차고지^조령^^^^^^^^^^^^^^
006^13^272000649^^555^^^1^예성여고 직접운행^^^^차고지^예성여중고^^^^^^^^^^^^^^
006^13^272000650^^555^^^2^국민은행, 시청.^^^^예성여중고^시청(우체국건너편)^^^^^^^^^^^^^^
006^13^272000651^^555^^^1^국민은행, 미덕학원.^^^^시청(우체국건너편)^미덕중.중산고.충주상고^^^^^^^^^^^^^^
006^13^272000654^^666^^^2^국민은행, 터미널.^^^^미덕중.중산고.충주상고^차고지^^^^^^^^^^^^^^
006^13^272000656^^666^^^1^럭키아파트, 미덕학원^^^^차고지^미덕중.중산고.충주상고^^^^^^^^^^^^^^
006^13^272000658^^666^^^1^국민은행, 미덕학원.^^^^터미널(하이마트앞)^미덕중.중산고.충주상고^^^^^^^^^^^^^^
006^13^272000663^^112^^^2^자이발,교통대,터미널,호암사거리,미덕학원^^^^시티자이 맞은편^남부119안전센터^^^^^^^^^^^^^^
006^13^272000664^^112^^^1^1로터리,터미널,교통대,자이^^^^남부119안전센터^시티자이 맞은편^^^^^^^^^^^^^^
006^13^272000665^^112^^^2^자이,교통대,터미널,1로터리^^^^시티자이 맞은편^터미널(하이마트건너편)^^^^^^^^^^^^^^
006^13^272000666^^112^^^1^1로터리,터미널,교통대,자이^^^^토마토정형외과^시티자이 맞은편^^^^^^^^^^^^^^
006^13^272000668^^112^^^2^유한킬벌리경유,교통대,터미널,1로터리^^^^시티자이 맞은편^네오메디크리닉^^^^^^^^^^^^^^
006^13^272000669^^112^^^2^자이->터미널 직행^^^^시티자이 맞은편^터미널(하이마트건너편)^^^^^^^^^^^^^^
006^13^272000670^^112-1^^^2^중앙탑면사무소,터미널,1로터리^^^^시티자이 맞은편^네오메디크리닉^^^^^^^^^^^^^^
006^13^272000671^^112-1^^^2^중앙탑면사무소,터미널,1로터리,회사^^^^시티자이 맞은편^차고지^^^^^^^^^^^^^^
006^13^272000672^^112-1^^^1^1로터리,터미널,중앙탑.자이^^^^토마토정형외과^시티자이 맞은편^^^^^^^^^^^^^^
006^13^272000673^^999^^^1^회사⇒교통대 직접운행^^^^차고지^한국교통대(회차지)^^^^^^^^^^^^^^
006^13^272000674^^999^^^2^교통대,터미널,신연수동,임광사거리,법원,터미널^^^^한국교통대(회차지)^터미널(하이마트건너편)^^^^^^^^^^^^^^
006^13^272000675^^999^^^3^터미널,연수초교,임광사거리,법원사거리,회사^^^^한국교통대(회차지)^차고지^^^^^^^^^^^^^^
006^13^272000677^^555^^^1^시청,국민은행,진도아파트^^^^시청(우체국건너편)^진도아파트^^^^^^^^^^^^^^
006^13^272000678^^555^^^2^진도아파트,국민은행,시청^^^^진도아파트^시청(우체국건너편)^^^^^^^^^^^^^^
006^13^272000679^^666^^^1^차고지,터미널,진도아파트^^^^차고지^진도아파트^^^^^^^^^^^^^^
006^13^272000680^^666^^^2^진도아파트,터미널,차고지^^^^진도아파트^차고지^^^^^^^^^^^^^^
006^13^272000681^^666^^^2^미덕학원,국민은행,터미널^^^^미덕중.중산고.충주상고^터미널맞은편^^^^^^^^^^^^^^
006^13^272000682^^666^^^1^터미널,국민은행,도장골^^^^터미널맞은편^관주^^^^^^^^^^^^^^
006^13^272000683^^666^^^2^도장골,국민은행,터미널^^^^관주^터미널맞은편^^^^^^^^^^^^^^
006^13^272000684^^666^^^1^터미널,국민은행,진도아파트^^^^터미널맞은편^진도아파트^^^^^^^^^^^^^^
006^13^272000685^^666^^^2^진도아파트,국민은행,터미널^^^^진도아파트^터미널맞은편^^^^^^^^^^^^^^
006^13^272000686^^305^^^1^진도아파트,국민은행,연수주민센터,터미널,대미^^^^진도아파트^대미^^^^^^^^^^^^^^
006^13^272000688^^555^^^3^회사⇒진도아파트 직접운행^^^^차고지^진도아파트^^^^^^^^^^^^^^
006^13^272000689^^551^^^1^회사,터미널,도장^^^^차고지^관주^^^^^^^^^^^^^^
006^13^272000690^^152^^^2^용원->주덕종점^^^^내용^주덕(연합의원)^^^^^^^^^^^^^^
006^13^272000691^^131^^^2^음동->주덕종점^^^^음동(종점)^주덕(연합의원)^^^^^^^^^^^^^^
006^13^272000692^^151^^^2^마제->주덕종점^^^^신니^주덕(연합의원)^^^^^^^^^^^^^^
006^13^272000693^^121^^^2^삼방->주덕종점^^^^삼방마을^주덕(연합의원)^^^^^^^^^^^^^^
006^13^272000694^^154^^^2^방추->주덕종점^^^^방추^주덕(연합의원)^^^^^^^^^^^^^^
006^13^272000695^^142^^^2^대덕->주덕종점^^^^대덕1(종점)^주덕(연합의원)^^^^^^^^^^^^^^
006^13^272000696^^140^^^2^노은->주덕종점^^^^노은^주덕(연합의원)^^^^^^^^^^^^^^
006^13^272000732^^600^^^1^터미널,충주역,건국대^^^^차고지^건국대(KU스테이션)^^^^^^^^^^^^^^
006^13^272000733^^600^^^2^충주역, 터미널^^^^건국대(KU스테이션)^시외버스터미널^^^^^^^^^^^^^^
006^13^272000734^^600^^^1^건국대^^^^터미널(하이마트건너편)^건국대(KU스테이션)^^^^^^^^^^^^^^
006^13^272000735^^600^^^2^우미린,예성여고,힐데스하임^^^^건국대(KU스테이션)^힐데스하임아파트^^^^^^^^^^^^^^
006^13^272000736^^600^^^1^건국대.^^^^힐데스하임아파트^건국대(KU스테이션)^^^^^^^^^^^^^^
006^13^272000737^^600^^^2^우미린,호암지구,예성여고,회사^^^^건국대(KU스테이션)^차고지^^^^^^^^^^^^^^
006^13^272000738^^600^^^1^럭키아파트,호암지구,건국대^^^^차고지^건국대(KU스테이션)^^^^^^^^^^^^^^
006^13^272000739^^600^^^2^터미널,회사^^^^건국대(KU스테이션)^차고지^^^^^^^^^^^^^^
006^13^272000740^^600^^^2^호암지구,신연수동,회사^^^^건국대(KU스테이션)^차고지^^^^^^^^^^^^^^
006^13^272000741^^999^^^1^터미널,신연수사거리,삼원사거리,회사^^^^한국교통대(회차지)^차고지^^^^^^^^^^^^^^
006^13^272000742^^112^^^1^교통대.코아루퍼스트A.미진이지비아^^^^차고지^시티자이 맞은편^^^^^^^^^^^^^^
006^13^272000746^^112-2^^^2^교통대,마이웨딩홀,1로터리,터미널^^^^시티자이 맞은편^터미널(하이마트건너편)^^^^^^^^^^^^^^
006^13^272000747^^112-2^^^2^코아루퍼스트,교통대,1로터리^^^^시티자이 맞은편^차고지^^^^^^^^^^^^^^
006^13^272000748^^363^^^2^목계,엄정,대미,터미널,차고^^^^앙성119안전센터(맞은편)^차고지^^^^^^^^^^^^^^
006^13^272000749^^888^^^3^럭키아파트, 예성여고, 법원사거리, 회사^^^^차고지^차고지^^^^^^^^^^^^^^
006^13^272000752^^106^^^2^흑평마을.교통대.터미널.1로터리.충주고.차고지^^^^거리실^차고지^^^^^^^^^^^^^^
006^13^272000753^^106^^^1^호암지.충주고.1로터리.터미널.교통대.거리실^^^^차고지^거리실^^^^^^^^^^^^^^
006^13^272000755^^01^^^3^봉계사거리, 호수마을, 제2로터리, 부민삼거리^^^^차고지^차고지^^^^^^^^^^^^^^
006^13^272000756^^02^^^3^우체국,제1로터리, 충주공고, 용산초교, 부강아파트^^^^차고지^동일하이빌^^^^^^^^^^^^^^
006^13^272000757^^02^^^3^용산초교, 충주공고, 제1로터리,우체국^^^^동일하이빌APT^우체국^^^^^^^^^^^^^^
006^13^272000758^^02^^^3^우체국,제1로터리,충주공고,부강아파트^^^^우체국^동일하이빌^^^^^^^^^^^^^^
006^13^272000759^^02^^^3^용산초교, 충주공고, 제1로터리, 차고지^^^^동일하이빌APT^차고지^^^^^^^^^^^^^^
006^13^272000760^^03^^^3^신연수동, 연수4차주공, 서원갈비^^^^차고지^서원갈비^^^^^^^^^^^^^^
006^13^272000761^^03^^^3^연수4주공, 신연수동, 부민삼거리^^^^서원갈비^우체국^^^^^^^^^^^^^^
006^13^272000762^^03^^^3^연수4주공, 신연수동, 차고지^^^^서원갈비^차고지^^^^^^^^^^^^^^
006^13^272000763^^03^^^3^신연수동, 연수4주공, 서원갈비^^^^우체국^서원갈비^^^^^^^^^^^^^^
006^13^272000764^^04^^^3^제1로터리, 건대병원, 금릉현대아파트, 탄금공원^^^^차고지^탄금공원^^^^^^^^^^^^^^
006^13^272000765^^04^^^3^금릉현대아파트. 건대병원, 제1로터리^^^^탄금공원^네오메디크리닉^^^^^^^^^^^^^^
006^13^272000766^^04^^^3^건대병원, 금릉현대아파트, 탄금공^^^^토마토정형외과^탄금공원^^^^^^^^^^^^^^
006^13^272000767^^04^^^3^금릉현대아파트, 건대병원, 제1로터리, 차고지^^^^탄금공원^차고지^^^^^^^^^^^^^^
006^13^272000768^^341^^^1^연수주민센터, 터미널, 대미^^^^충주의료원^동막리^^^^^^^^^^^^^^
006^13^272000769^^172^^^1^주감곡^^^^수월2^감곡면행정복지센터^^^^^^^^^^^^^^
006^13^272000770^^172^^^1^주덕, 용원, 감곡터미^^^^차고지^감곡면행정복지센터^^^^^^^^^^^^^^
006^13^272000771^^111^^^1^터미널, 서충주신도^^^^차고지^시티자이 맞은편^^^^^^^^^^^^^^
006^13^272000772^^111^^^2^이류첨단진입로, 교통대, 터미널^^^^시티자이 맞은편^터미널(하이마트건너편)^^^^^^^^^^^^^^
006^13^272000773^^111^^^1^교통대, 코아루, 기업도시, 시티자이^^^^터미널(하이마트건너편)^시티자이 맞은편^^^^^^^^^^^^^^
006^13^272000774^^111^^^2^기업도시, 코아루, 교통대, 차고지^^^^시티자이 맞은편^차고지^^^^^^^^^^^^^^
006^13^272000775^^111^^^2^기업도시, 코아루, 교통대, 터미널, 안심^^^^시티자이 맞은편^안심(종점)^^^^^^^^^^^^^^
006^13^272000776^^119^^^2^국민은행, 터미널, 차고지^^^^충주의료원^차고지^^^^^^^^^^^^^^
006^13^272000777^^111^^^1^터미널, 교통대, 코아루, 기업도시, 자이APT^^^^토마토정형외과^시티자이 맞은편^^^^^^^^^^^^^^
006^13^272000778^^111^^^2^기업도시, 코아루, 교통대, 터미널, 공설시장^^^^시티자이 맞은편^터미널(하이마트건너편)^^^^^^^^^^^^^^
006^13^272000779^^111^^^1^터미널, 교통대, 코아루, 기업도시, 시티자이^^^^차고지^시티자이 맞은편^^^^^^^^^^^^^^
006^13^272000780^^111^^^2^기업도시, 코아루, 교통대, 차고지^^^^시티자이 맞은편^한국교통대(농협.건너편)^^^^^^^^^^^^^^
006^13^272000781^^411^^^1^국민은행, 터미널, 중앙탑, 노은^^^^충주의료원^노은^^^^^^^^^^^^^^
006^13^272000782^^413^^^2^노은, 중앙탑, 탄금대, 터미널, 공설시장^^^^감곡면행정복지센터^차고지^^^^^^^^^^^^^^
006^13^272000783^^112-1^^^1^럭키APT, 충주여고, 국민은행, 터미널, 시티자이^^^^차고지^시티자이 맞은편^^^^^^^^^^^^^^
006^13^272000784^^332^^^1^연수주민센터, 터미널, 대미, 삼탄^^^^차고지^명돌(종점방향)^^^^^^^^^^^^^^
006^13^272000785^^202^^^1^터미널, 단월, 더푸른리버뷰APT, 용관^^^^차고지^두정^^^^^^^^^^^^^^
006^13^272000786^^240^^^1^터미넣, 호암사거리, 살미, 홈실, 수안보^^^^더푸른아파트(건너편)^온천리^^^^^^^^^^^^^^
006^13^272000787^^341^^^1^탄방, 동막^^^^차고지^동막리^^^^^^^^^^^^^^
006^13^272000788^^240^^^3^삼원사거리, 차고지^^^^단월^차고지^^^^^^^^^^^^^^
006^13^272000789^^200^^^3^삼원사거리, 차고지^^^^단월^차고지^^^^^^^^^^^^^^
006^13^272000790^^246^^^2^살미, 호암사거리, 국민은행, 터미널, 차고지^^^^사문리(감나무집)^차고지^^^^^^^^^^^^^^
006^13^272000791^^315^^^2^동량대교, 산업단지, 6단지, 자유시장, 차고지^^^^미라마을(시내방향)^차고지^^^^^^^^^^^^^^
006^13^272000792^^360^^^1^터미널, 대미 , 엄정, 앙성온천역, 앙성^^^^차고지^용포직행버스정류소^^^^^^^^^^^^^^
006^13^272000793^^364^^^1^터미널, 대미, 앙성온천역, 상대촌^^^^차고지^상대촌^^^^^^^^^^^^^^
006^13^272000794^^365^^^1^앙성, 감곡^^^^용포직행버스정류소^감곡면행정복지센터^^^^^^^^^^^^^^
006^13^272000795^^365^^^2^감곡,앙성,대미,터미널,종합운동장,차고지^^^^감곡면행정복지센터^차고지^^^^^^^^^^^^^^
006^13^272000796^^364^^^2^앙성, 앙성온천역, 차고지^^^^삼당(종점하행)^차고지^^^^^^^^^^^^^^
006^13^272000797^^363^^^1^앙성, 앙성온천역, 후곡^^^^용포직행버스정류소(건너편)^후곡마을^^^^^^^^^^^^^^
006^13^272000798^^363^^^2^후곡, 앙성온천역, 차고지^^^^후곡마을^차고지^^^^^^^^^^^^^^
006^13^272000799^^365^^^1^종합운동장, 터미널, 대미, 엄정, 앙성^^^^차고지^감곡면행정복지센터^^^^^^^^^^^^^^
006^13^272000800^^119^^^2^건국대정문, 터미널, 삼원사거리, 차고지^^^^단월^차고지^^^^^^^^^^^^^^
006^13^272000801^^119^^^2^상풍, 단월, 터미널, 차고지^^^^상풍^차고지^^^^^^^^^^^^^^
006^13^272000802^^77^^^1^대소원면,삼일파라뷰,서충주자이,중앙탑면^^^^농협하나로마트^중앙탑 면사무소^^^^^^^^^^^^^^
006^13^272000803^^88^^^2^서충주자이,삼일파라뷰,대소원면,주덕^^^^중앙탑 면사무소^주덕119안전센터^^^^^^^^^^^^^^
006^13^272000804^^364^^^2^앙성, 앙성온천역, 터미널, 차고지^^^^상대촌^차고지^^^^^^^^^^^^^^
006^13^272000805^^365^^^2^앙성, 앙성온천역, 터미널, 차고지^^^^감곡면행정복지센터^차고지^^^^^^^^^^^^^^
006^13^272000806^^411^^^2^노은, 중앙탑면사무소^^^^노은^신촌^^^^^^^^^^^^^^
006^13^272000807^^700^^^3^교통대, 건국대, 터미널^^^^한국교통대(정문)^한국교통대(정문)^^^^^^^^^^^^^^
006^13^272000808^^88^^^2^서충주자이,삼일파라뷰,대소원면^^^^중앙탑 면사무소^대소원^^^^^^^^^^^^^^
006^13^272000809^^700^^^3^교통대, 터미널, 건국대, 차고지^^^^한국교통대(정문)^차고지^^^^^^^^^^^^^^
006^13^272000810^^101^^^1^터미널, 무학시장, 대원고, 남벌^^^^차고지^직동^^^^^^^^^^^^^^
006^13^272000811^^101^^^2^대원고, 무하시장, 터미널, 회사^^^^직동^차고지^^^^^^^^^^^^^^
006^13^272000812^^111^^^2^홈마트, 교통대, 터미널^^^^시티자이 맞은편^터미널(하이마트건너편)^^^^^^^^^^^^^^
006^13^272000813^^111^^^2^홈마트, 교통대, 차고지^^^^시티자이 맞은편^차고지^^^^^^^^^^^^^^
006^13^272000814^^332^^^2^산척, 영덕^^^^명돌(시내방향)^차고지^^^^^^^^^^^^^^
006^13^272000815^^01^^^3^터미널, 제1로터리, 호암사거리, 석종^^^^차고지^차고지^^^^^^^^^^^^^^
006^13^272000816^^247^^^1^터미널, 살미역, 고운리^^^^차고지^고운리^^^^^^^^^^^^^^
006^13^272000817^^240^^^1^터미널, 살미, 수안보역^^^^차고지^수안보온천역^^^^^^^^^^^^^^
006^13^272000818^^240^^^2^수안보, 살미, 터미널, 회사^^^^수안보온천역^차고지^^^^^^^^^^^^^^
006^13^272000819^^999^^^1^교통대 직행^^^^터미널(하이마트건너편)^한국교통대(회차지)^^^^^^^^^^^^^^
006^13^272000820^^112-1^^^2^중앙탑면사무소, 터미널, 회사^^^^시티자이 맞은편^차고지^^^^^^^^^^^^^^
006^13^272000821^^111^^^2^삼일파라뷰, 코아루퍼스트, 교통대, 터미널, 회사.^^^^시티자이 맞은편^차고지^^^^^^^^^^^^^^
006^13^272000822^^111^^^2^삼일파라뷰, 코아루퍼스트, 교통대, 터미널, 회사.^^^^시티자이 맞은편^차고지^^^^^^^^^^^^^^
006^13^272000823^^112^^^2^롯데맥주, 코아루퍼스트, 교통대, 터미널, 회사.^^^^시티자이 맞은편^차고지^^^^^^^^^^^^^^
006^13^272000824^^112^^^2^롯데맥주, 코아루퍼스트, 교통대, 터미널, 회사.^^^^시티자이 맞은편^차고지^^^^^^^^^^^^^^
006^13^272000825^^111^^^2^홈마트, 코아루퍼스트, 교통대, 터미널, 회사.^^^^시티자이 맞은편^차고지^^^^^^^^^^^^^^
006^13^272000826^^급행1^^^2^코아루퍼스트, 교통대, 터미널, 힐데스하임.^^^^시티자이 맞은편^우미린^^^^^^^^^^^^^^
006^13^272000827^^급행1^^^1^힐데스하임, 교통대, 터미널, 코아루퍼스트.^^^^우미린^시티자이 맞은편^^^^^^^^^^^^^^
006^13^272000828^^급행1^^^2^코아루퍼스트, 교통대, 터미널, 힐데스하임.^^^^시티자이 맞은편^우미린^^^^^^^^^^^^^^
006^13^272000829^^급행2^^^2^코아루퍼스트, 교통대, 터미널, 연수동행정복지센터.^^^^시티자이 맞은편^시청^^^^^^^^^^^^^^
006^13^272000830^^급행2^^^1^연수동행정복지센터, 터미널, 교통대, 코아루퍼스트.^^^^시청^시티자이 맞은편^^^^^^^^^^^^^^
006^13^272000831^^급행2^^^2^코아루퍼스트, 교통대, 터미널, 연수동행정복지센터.^^^^시티자이 맞은편^시청^^^^^^^^^^^^^^
006^13^272000832^^급행1^^^2^코아루퍼스트, 교통대, 충주역.^^^^시티자이 맞은편^터미널(하이마트앞)^^^^^^^^^^^^^^
006^13^272000833^^급행2^^^2^코아루퍼스트, 교통대, 충주역.^^^^시티자이 맞은편^터미널(하이마트앞)^^^^^^^^^^^^^^
